kod,tarih,taraf,tur,kaynak_kurum,baslik,url,durum,kelime_sayisi,notlar
A01,2010-10-08,ORT,ortak bildiri,ÇHC Dışişleri Bakanlığı (mfa.gov.cn) – Türkiye/Belgeler,中华人民共和国和土耳其共和国关于建立和发展战略合作关系的联合声明（全文）,https://www.mfa.gov.cn/web/gjhdq_676201/gj_676203/yz_676205/1206_676956/1207_676968/201010/t20101009_8001554.shtml,alindi,806,"Çince. Wen Jiabao Ankara ziyareti; imza 8 Ekim 2010, sayfa yayımı 9 Ekim 2010. 2012 Türkiye'de Çin Kültür Yılı ve 2013 Çin'de Türk Kültür Yılı kararını içerir; turizm/kültür/ulaştırma işbirliği maddeleri. [Sayım birimi: Han karakteri]"
A02,2012-02-16,TR,duyuru,T.C. Dışişleri Bakanlığı (mfa.gov.tr) – Bakanlık Açıklamaları,"No: 46, 16 Şubat 2012, Çin Halk Cumhuriyeti Devlet Başkan Yardımcısı Xi Jinping'in Ülkemizi Ziyareti Hk.",https://www.mfa.gov.tr/no_-46_-16-subat-2012_-cin-halk-cumhuriyeti-devlet-baskan-yardimcisi-xi-jinping_in-ulkemizi-ziyareti--hk_.tr.mfa,alindi,197,"Türkçe. 2010 stratejik işbirliği, 2011 40. yıl, 2012 ""Türkiye'de Çin Yılı"" / 2013 ""Çin'de Türkiye Yılı"" ilanını teyit eder."
A03,2012-02-21,CN,görüşme özeti,ÇHC Dışişleri Bakanlığı (mfa.gov.cn) – Türkiye/İlgili haberler,习近平同土耳其总统居尔会谈,https://www.mfa.gov.cn/web/gjhdq_676201/gj_676203/yz_676205/1206_676956/xgxw_676962/201202/t20120222_8001400.shtml,alindi,1161,"Çince. Görüşme 21 Şubat 2012 Ankara (sayfa 22.02.2012). Antik İpek Yolu vurgusu, beşeri değişim ve turizm işbirliğinin genişletilmesi. [Sayım birimi: Han karakteri]"
A04,2012-10-17,TR,konuşma,T.C. Pekin Büyükelçiliği (beijing-emb.mfa.gov.tr) – Duyurular,Address by H E Ambassador Murat Salim Esenli on the Occasion of the 10th Anniversary of Direct Flights of the Turkish Airlines to Hong Kong,https://beijing-emb.mfa.gov.tr/Mission/ShowAnnouncement/164577,alindi,637,"İngilizce. Konuşma 17.10.2012 Hong Kong; sitede 22.10.2012 yayımı. ""Silk Road which began in Xi'an ended in Istanbul""; THY, turizm, havacılık bağlantısı."
A05,2014-02-20,TR,duyuru,T.C. Pekin Büyükelçiliği (beijing-emb.mfa.gov.tr) – Duyurular,The Final Event of the 2013 Turkish Cultural Year in China,https://beijing-emb.mfa.gov.tr/Mission/ShowAnnouncement/203877,alindi,445,"İngilizce. 2013 Çin'de Türk Kültür Yılı kapanış etkinliği (""The Message of Rumi"", 28.02.2014 Pekin, 03.03.2014 Şanghay) duyurusu. Bilet iletişim satırı (kişi adı/e-posta) sayfa metninde yer aldığı için korunmuştur."
A06,2015-04-08,CN,konuşma,ÇHC Dışişleri Bakanlığı (mfa.gov.cn) – Türkiye/Büyükelçilik haberleri (驻外报道),弘扬丝路精神，实现互利共赢,https://www.mfa.gov.cn/web/gjhdq_676201/gj_676203/yz_676205/1206_676956/1206x2_676976/201504/t20150410_9304658.shtml,alindi,1790,"Çince. ÇHC Ankara Büyükelçisi Yu Hongyang'ın 18. Avrasya Ekonomi Zirvesi (İstanbul, 8 Nisan 2015) İpek Yolu oturumu konuşması; sayfa 10.04.2015. Antik İpek Yolu ve Kuşak-Yol–Türkiye bağlantısı. [Sayım birimi: Han karakteri]"
A07,2015-11-14,ORT,MoU,"T.C. Resmî Gazete (resmigazete.gov.tr), 7 Haziran 2017, Sayı 30089, Karar Sayısı 2017/10379","Türkiye Cumhuriyeti Hükümeti ile Çin Halk Cumhuriyeti Hükümeti Arasında İpek Yolu Ekonomik Kuşağının, 21. Yüzyıl Denizdeki İpek Yolunun ve Orta Koridor Girişiminin Uyumlaştırılmasına İlişkin Mutabakat Zaptı",https://www.resmigazete.gov.tr/eskiler/2017/06/20170607-1.pdf,alindi,1535,"Türkçe. İmza 14.11.2015 Antalya (G20), imzacılar Feridun Bilgin / Xu Shaoshi. Onay: 6792 sayılı Kanun (15.02.2017, RG 08.03.2017) + BKK 2017/10379 (RG 07.06.2017). PDF taranmış görüntü (metin katmanı yok); Türkçe metin (s. 2-10) sayfa görüntülerinden harf harf elle transkribe edildi (OCR aracı yok) — alıntı öncesi PDF ile karşılaştırılması önerilir. Kaynak PDF bu klasörde A07_..._kaynak.pdf olarak saklandı. Çince/İngilizce metinler (s. 11-26) alınmadı. Kanun metni: https://www5.tbmm.gov.tr/tutanaklar/KANUNLAR_KARARLAR/kanuntbmmc101/kanuntbmmc101/kanuntbmmc10106792.pdf"
A08,2015-11-14,CN,görüşme özeti,ÇHC Dışişleri Bakanlığı (mfa.gov.cn) – Türkiye/İlgili haberler,习近平会见土耳其总统埃尔多安,https://www.mfa.gov.cn/web/gjhdq_676201/gj_676203/yz_676205/1206_676956/xgxw_676962/201511/t20151115_8001465.shtml,alindi,715,"Çince. Görüşme 14.11.2015 Antalya (sayfa 15.11.2015). ""一带一路"" hükümetlerarası MoU'nun imzalanacağı bildirilir (bkz. A07). [Sayım birimi: Han karakteri]"
A09,2016-02-03,CN,görüşme özeti,ÇHC Dışişleri Bakanlığı (mfa.gov.cn) – Türkiye/Büyükelçilik haberleri (驻外报道),驻土耳其大使郁红阳拜会土文化旅游部部长,https://www.mfa.gov.cn/web/gjhdq_676201/gj_676203/yz_676205/1206_676956/1206x2_676976/201602/t20160204_9304672.shtml,alindi,469,"Çince. Büyükelçi Yu Hongyang – Kültür ve Turizm Bakanı Mahir Ünal görüşmesi (3 Şubat 2016; sayfa 04.02.2016). Çinli turist sayıları (2014: 200 bin; 2015: 310 bin), güvenlik, uçuşlar, İpek Yolu. [Sayım birimi: Han karakteri]"
A10,2018-04-17,TR,duyuru,Anadolu Ajansı (aa.com.tr) — resmi yayın organı/ajans,China to become 'important' tourism partner for Turkey,https://www.aa.com.tr/en/asia-pacific/china-to-become-important-tourism-partner-for-turkey/1120441,alindi,272,"İngilizce. RESMİ YAYIN ORGANI/AJANS: 2018 Çin'de Türkiye Turizm Yılı açılışı (17.04.2018, Pekin, COTTM fuarı; Kurtulmuş–Luo Shugang görüşmesi) için KTB/mct resmi metni bulunamadı; AA haberi yedek olarak alındı. Tarih AA URL/haber ""on Tuesday"" ifadesine dayanır (17.04.2018 Salı)."
A11,2018-04-19,CN,görüşme özeti,"ÇHC Dışişleri Bakanlığı (fmprc.gov.cn, İngilizce) – Türkiye",Xi Jinping Holds Telephone Talks at Request with President Recep Tayyip Erdogan of Turkey,https://www.fmprc.gov.cn/eng/gjhdq_665435/2675_665437/2898_663796/2900_663800/202406/t20240607_11414219.html,alindi,469,İngilizce. Kuşak-Yol ile Orta Koridor'un entegrasyonu; beşeri değişim; Erdoğan turizm işbirliğini anar. (fmprc arşivi 2024'te yeniden yayımlanmış URL; sayfa tarihi 19.04.2018.)
A12,2018-04-23,TR,konuşma,T.C. Pekin Büyükelçiliği (beijing-emb.mfa.gov.tr) – Büyükelçi Konuşmaları,"Büyükelçi Sayın Abdulkadir Emin Önen'in Beijing Review dergisine vermiş olduğu mülakat (""Turkey Eyes More Chinese Tourists"")",https://beijing-emb.mfa.gov.tr/Mission/ShowSpeech/12344,alindi,2864,"İngilizce. Mülakat 23.04.2018 (Beijing Review); sitede 03.05.2018. 2018 Türkiye Turizm Yılı (17 Nisan Pekin açılışı), vize serbestisi hedefi, İpek Yolu/Kuşak-Yol. Büyükelçilik ""konuşmalar"" listesinde mülakat olarak yer alır."
A13,2019-07-02,CN,görüşme özeti,ÇHC Dışişleri Bakanlığı (mfa.gov.cn) – Türkiye/İlgili haberler,习近平同土耳其总统埃尔多安举行会谈,https://www.mfa.gov.cn/web/gjhdq_676201/gj_676203/yz_676205/1206_676956/xgxw_676962/201907/t20190702_8001519.shtml,alindi,856,"Çince. Erdoğan'ın Pekin resmi ziyareti. Kuşak-Yol–Orta Koridor uyumu; Erdoğan: ""千年古丝绸之路"" bağı; turizm/kültür. İngilizce sürüm: https://www.fmprc.gov.cn/eng/gjhdq_665435/2675_665437/2898_663796/2900_663800/202406/t20240607_11414235.html [Sayım birimi: Han karakteri]"
A14,2019-12-30,TR,konuşma,T.C. Pekin Büyükelçiliği (beijing-emb.mfa.gov.tr) – Büyükelçi Konuşmaları,"Büyükelçi Sayın Abdulkadir Emin Önen'in ""Türk Hava Yolları İstanbul-Xi'an İlk Uçuş Töreni""nde yaptığı konuşma",https://beijing-emb.mfa.gov.tr/Mission/ShowSpeech/13936,alindi,471,"Türkçe. Tarihi İpek Yolu'nun iki ucu İstanbul–Xi'an'ın hava yoluyla bağlanması; Orta Koridor, Kuşak-Yol, turizm."
A15,2020-09-28,TR,konuşma,T.C. Pekin Büyükelçiliği (beijing-emb.mfa.gov.tr) – Büyükelçi Konuşmaları,The speech of H.E. Abdulkadir Emin Onen at the Xi'an World Culture and Tourism Forum,https://beijing-emb.mfa.gov.tr/Mission/ShowSpeech/13910,alindi,1519,"İngilizce. Kültürel miras/UNESCO, destinasyonlar (İstanbul, Kapadokya, Göbeklitepe, Konya), sürdürülebilir/güvenli turizm, Çinli turist hedefi (1 milyon)."
A16,2020-12-23,TR,konuşma,T.C. Pekin Büyükelçiliği (beijing-emb.mfa.gov.tr) – Büyükelçi Konuşmaları,HE Ambassador Önen's address at the ceremony to celebrate the arrival of the first east-bound export train from Turkey to China,https://beijing-emb.mfa.gov.tr/Mission/ShowSpeech/13937,alindi,888,"İngilizce. Türkiye'den Çin'e ilk ihracat treninin Xi'an'a varışı; Orta Koridor, Edirne-Kars hızlı tren ağı, Kuşak-Yol, İpek Yolu."
A17,2023-05-26,CN,konuşma,"ÇHC Ankara Büyükelçiliği (tr.china-embassy.gov.cn, Türkçe)","Büyükelçi Liu Shaobin'in ""Kuşak ve Yol 10 Yaşında- Kalkınma yolunda el ele"" Temalı Forum'daki Konuşması",https://tr.china-embassy.gov.cn/tur/sgxw/202305/t20230528_11084822.htm,alindi,2062,"Türkçe (Büyükelçiliğin Türkçe metni). Forum 26.05.2023; sayfa 28.05.2023. 2015 Kuşak-Yol/Orta Koridor MoU'suna atıf, Çalışma Grubu, beşeri değişim. Çince sürüm: https://www.mfa.gov.cn/web/gjhdq_676201/gj_676203/yz_676205/1206_676956/1206x2_676976/202306/t20230602_11088523.shtml"
A18,2023-10-25,TR,konuşma,T.C. Pekin Büyükelçiliği (beijing-emb.mfa.gov.tr) – Büyükelçi Konuşmaları,Speech by Ambassador H.E Dr. İsmail Hakkı Musa delivered in Xian Silk Road International Communication Forum,https://beijing-emb.mfa.gov.tr/Mission/ShowSpeech/14535,alindi,1039,"İngilizce. Xi'an İpek Yolu'nun doğu ucu; Osmanlı–Çin hediye alışverişi, Topkapı porseleni; Asya Yeniden; Orta Koridor."
A19,2024-06-04,CN,görüşme özeti,ÇHC Dışişleri Bakanlığı (mfa.gov.cn) – Türkiye/İlgili haberler,王毅同土耳其外长费丹会谈,https://www.mfa.gov.cn/web/gjhdq_676201/gj_676203/yz_676205/1206_676956/xgxw_676962/202406/t20240604_11376568.shtml,alindi,931,"Çince. Fidan'ın Pekin ziyareti (3-5 Haziran 2024). Kuşak-Yol–Orta Koridor, turizm, İpek Yolu ifadeleri. [Sayım birimi: Han karakteri]"
A20,2024-06-05,CN,görüşme özeti,ÇHC Kültür ve Turizm Bakanlığı (mct.gov.cn) – 文化要闻,文化和旅游部部长会见土耳其文化和旅游部部长,https://www.mct.gov.cn/whzx/whyw/202406/t20240606_953372.htm,alindi,161,Çince. 5 Haziran 2024 İstanbul; Sun Yeli–Ersoy görüşmesi ve 《中华人民共和国文化和旅游部与土耳其共和国文化和旅游部关于旅游合作的谅解备忘录》 imzası. MoU METNİ ERİŞİLEMEDİ (yayımlanmamış). İngilizce ajans karşılığı: https://english.www.gov.cn/news/202406/06/content_WS6660f1dfc6d0868f4e8e7d9a.html (Xinhua). KTB (ktb.gov.tr) haberi bulunamadı. [Sayım birimi: Han karakteri]
A21,2025-05-06,CN,görüşme özeti,Kuşak ve Yol Portalı (eng.yidaiyilu.gov.cn) — Xinhua kaynaklı; resmi yayın organı/ajans,"Interview: Türkiye invites Chinese tourists to explore new travel experiences, says minister",https://eng.yidaiyilu.gov.cn/p/0TQ0A7UC.html,alindi,399,"İngilizce. RESMİ YAYIN ORGANI/AJANS (Xinhua, Çin resmi Kuşak-Yol portalında). Konuşan: KTB Bakanı Ersoy; ""Silk Road routes"", 1 milyon Çinli turist hedefi, China Friendly. TUR alanında ""mülakat"" seçeneği olmadığından görüşme özeti işaretlendi; yayımlayan taraf CN."
A22,2025-08-31,CN,görüşme özeti,"ÇHC Dışişleri Bakanlığı (fmprc.gov.cn, İngilizce) – Türkiye",President Xi Jinping Meets with Turkish President Recep Tayyip Erdoğan,https://www.fmprc.gov.cn/eng/gjhdq_665435/2675_665437/2898_663796/2900_663800/202509/t20250901_11699298.html,alindi,474,"İngilizce. ŞİÖ Tianjin Zirvesi marjında. Kuşak-Yol–Orta Koridor sinerjisi, beşeri değişim, turizm, kültür; 55. yıl. Çince: https://www.mfa.gov.cn/web/gjhdq_676201/gj_676203/yz_676205/1206_676956/xgxw_676962/202508/t20250831_11699085.shtml"
A23,2025-08-31,TR,görüşme özeti,T.C. Cumhurbaşkanlığı İletişim Başkanlığı (iletisim.gov.tr),"Cumhurbaşkanı Erdoğan’ın, Çin Devlet Başkanı Cinping ile görüşmesine ilişkin açıklama",https://www.iletisim.gov.tr/turkce/Haberler/detay/cumhurbaskani-erdoganin-cin-devlet-baskani-cinping-ile-gorusmesine-iliskin-aciklama,alindi,157,"Türkçe. A22'nin Türk tarafı karşılığı. ""Orta Koridor ile Yol ve Kuşak Girişiminin uyumlaştırılması"", turizm potansiyeli. Sayfada açık tarih alanı yok; tarih görüşme tarihidir (31.08.2025)."
A24,2026-05-25,TR,konuşma,T.C. Pekin Büyükelçiliği (beijing-emb.mfa.gov.tr) – Büyükelçi Konuşmaları,Pekin Büyükelçisi Selçuk Ünal'ın Pekin Dil ve Kültür Üniversitesi'nde düzenlenen 6. Türkiye Çalışmaları Ulusal Birliği Yıllık Konferansı ve Gençlik Forumu'nda yaptığı konuşma,https://beijing-emb.mfa.gov.tr/Mission/ShowSpeech/14883,alindi,1134,"İngilizce metin, Türkçe başlık. 55. yıl; İpek Yolu, Osmanlı sarayındaki Çin porselenleri, Orta Koridor–Kuşak-Yol, beşeri değişim."
A25,2026-09-20,CN,duyuru,ÇHC Dışişleri Bakanlığı (mfa.gov.cn) – Türkiye/Büyükelçilik haberleri (驻外报道),驻土耳其大使姜学斌出席中土建交55周年系列庆祝活动——“丝路之韵”音乐会,https://www.mfa.gov.cn/web/gjhdq_676201/gj_676203/yz_676205/1206_676956/1206x2_676976/202609/t20260923_12029430.shtml,alindi,321,"Çince. Etkinlik 20.09.2026 Ankara Cumhurbaşkanlığı Senfoni salonu; ÇHC Büyükelçiliği + T.C. Kültür ve Turizm Bakanlığı ortak düzenleme; sayfa tarihi 22.09.2026. ""古丝绸之路"" teması. [Sayım birimi: Han karakteri]"
E01,2012,TR,duyuru,T.C. Kültür ve Turizm Bakanlığı (ktb.gov.tr),"2012 Türkiye'de Çin Kültür Yılı açılışı (Ankara, CerModern) – resmi KTB duyurusu",-,erisilemedi,0,ktb.gov.tr yıl arşivleri (TR-151661/2012 vb.) yalnız duyuru içeriyor; açılış haberi resmi sitede bulunamadı (yalnız basın: mynet). Yerine A01/A02 (kültür yılı kararı/ilanı) ve A05 (2013 Türk Kültür Yılı kapanışı) alındı. İçerik ikame edilmedi.
E02,2018-04-17,TR|CN,duyuru,T.C. Kültür ve Turizm Bakanlığı (ktb.gov.tr) / ÇHC Kültür ve Turizm Bakanlığı (mct.gov.cn),2018 Çin'de Türkiye Turizm Yılı açılış töreni (Pekin; Kurtulmuş – Luo Shugang) – resmi metin,-,erisilemedi,0,"Resmi KTB/MCT metni bulunamadı (mct.gov.cn haber listesi ~2023'e kadar iniyor; ktb.gov.tr haber arşivi aranamadı). AA haberi A10 olarak ayrı ve ""ajans"" etiketiyle alındı; içerik ikame edilmedi."
E03,2019-07-02,TR,görüşme özeti,T.C. Cumhurbaşkanlığı (tccb.gov.tr),President Erdoğan meets with President Xi of China (Pekin),https://www.tccb.gov.tr/en/news/542/106911/president-erdogan-meets-with-president-xi-of-china,erisilemedi,0,URL iletisim.gov.tr sayfasındaki atıftan doğrulandı. tccb.gov.tr/tccb.tr bağlantıları curl ile sıfırlandı/ChangeLanguage yönlendirme döngüsüne girdi; WebFetch ile de alınamadı. İletişim Başkanlığı kısa karşılığı yalnız tören bilgisi içerdiği için korpusa alınmadı; Çin tarafı karşılığı A13.
E04,2024-06-05,ORT,MoU,ÇHC Kültür ve Turizm Bakanlığı – T.C. Kültür ve Turizm Bakanlığı,中华人民共和国文化和旅游部与土耳其共和国文化和旅游部关于旅游合作的谅解备忘录 (Turizm İşbirliği MoU metni),-,erisilemedi,0,MoU tam metni iki tarafta da yayımlanmamış görünüyor; yalnız imza haberi var (A20 mct.gov.cn; gov.cn/Xinhua İngilizce özet). Metin için KTB Dış İlişkiler/AB Genel Müdürlüğüne bilgi edinme başvurusu önerilir.
E05,2017-02-15,TR,MoU,TBMM – 26. Dönem 378 Sıra Sayılı Basmayazı,A07 MoU'nun TBMM basmayazısı (metinsel PDF),-,erisilemedi,0,6792 sayılı Kanun notu MoU metninin 15/02/2017 tarihli 70. Birleşim tutanağı sonundaki 378 S.Sayılı basmayazıda olduğunu belirtiyor; tahmin edilen ss378.pdf adresleri HTML hata sayfası döndürdü. A07 transkripsiyonunu doğrulamak için kullanılabilir.
