ifade_id,belge,taraf,alan,m1,m2,m3
A01-01,A01,Ortak belge,1,E,H,H
A01-02,A01,Ortak belge,2,E,H,H
A02-01,A02,Türk kaynağı,2,E,H,H
A03-01,A03,Çin kaynağı,3,E,H,H
A03-02,A03,Çin kaynağı,2,H,H,H
A03-03,A03,Çin kaynağı,4,H,H,H
A04-01,A04,Türk kaynağı,2,H,E,H
A04-02,A04,Türk kaynağı,3,H,E,H
A04-03,A04,Türk kaynağı,3,H,E,H
A04-04,A04,Türk kaynağı,2,H,E,H
A04-05,A04,Türk kaynağı,1,H,H,H
A04-06,A04,Türk kaynağı,1,E,H,H
A05-01,A05,Türk kaynağı,2,H,H,H
A05-02,A05,Türk kaynağı,3,H,H,H
A06-01,A06,Çin kaynağı,3,H,H,H
A06-02,A06,Çin kaynağı,3,E,H,H
A06-03,A06,Çin kaynağı,1,H,H,H
A06-04,A06,Çin kaynağı,1,E,H,H
A06-05,A06,Çin kaynağı,2,H,H,H
A06-06,A06,Çin kaynağı,1,E,H,H
A06-07,A06,Çin kaynağı,1,E,H,H
A06-08,A06,Çin kaynağı,3,H,H,H
A06-09,A06,Çin kaynağı,3,E,H,H
A06-10,A06,Çin kaynağı,3,H,H,H
A06-11,A06,Çin kaynağı,1,E,H,H
A06-12,A06,Çin kaynağı,2,E,H,H
A06-13,A06,Çin kaynağı,3,H,H,H
A06-14,A06,Çin kaynağı,3,E,H,H
A07-01,A07,Ortak belge,3,H,H,H
A07-02,A07,Ortak belge,1,H,H,H
A07-03,A07,Ortak belge,3,E,H,H
A07-04,A07,Ortak belge,1,E,H,H
A07-05,A07,Ortak belge,1,E,H,H
A07-06,A07,Ortak belge,1,H,H,H
A07-07,A07,Ortak belge,1,H,H,H
A07-08,A07,Ortak belge,4,E,H,H
A07-09,A07,Ortak belge,4,H,H,H
A07-10,A07,Ortak belge,2,H,H,H
A07-11,A07,Ortak belge,2,H,H,H
A07-12,A07,Ortak belge,2,E,H,H
A08-01,A08,Çin kaynağı,3,E,H,H
A08-02,A08,Çin kaynağı,4,E,H,H
A08-03,A08,Çin kaynağı,4,H,H,H
A08-04,A08,Çin kaynağı,2,E,H,H
A08-05,A08,Çin kaynağı,4,H,H,H
A08-06,A08,Çin kaynağı,4,H,H,H
A08-07,A08,Çin kaynağı,1,E,H,H
A09-01,A09,Çin kaynağı,2,E,H,H
A09-02,A09,Çin kaynağı,2,E,H,H
A09-03,A09,Çin kaynağı,2,H,H,E
A09-04,A09,Çin kaynağı,3,E,H,H
A09-05,A09,Çin kaynağı,2,E,H,H
A09-06,A09,Çin kaynağı,2,H,H,E
A09-07,A09,Çin kaynağı,1,H,H,H
A10-01,A10,Türk kaynağı,2,E,H,H
A10-02,A10,Türk kaynağı,2,H,H,H
A10-03,A10,Türk kaynağı,2,H,H,H
A10-04,A10,Türk kaynağı,2,E,H,H
A10-05,A10,Türk kaynağı,2,E,H,H
A10-06,A10,Türk kaynağı,2,E,H,H
A10-07,A10,Türk kaynağı,2,H,H,H
A11-01,A11,Çin kaynağı,1,E,H,H
A11-02,A11,Çin kaynağı,2,E,H,H
A11-03,A11,Çin kaynağı,1,H,H,H
A12-01,A12,Türk kaynağı,2,H,H,E
A12-02,A12,Türk kaynağı,2,H,H,E
A12-03,A12,Türk kaynağı,2,H,H,E
A12-04,A12,Türk kaynağı,2,E,H,H
A12-05,A12,Türk kaynağı,2,H,H,E
A12-06,A12,Türk kaynağı,2,H,H,H
A12-07,A12,Türk kaynağı,2,H,H,E
A12-08,A12,Türk kaynağı,2,H,H,E
A12-09,A12,Türk kaynağı,2,E,H,H
A12-10,A12,Türk kaynağı,1,H,H,H
A12-11,A12,Türk kaynağı,2,E,H,E
A12-12,A12,Türk kaynağı,2,H,H,E
A12-13,A12,Türk kaynağı,2,H,H,E
A12-14,A12,Türk kaynağı,1,E,H,H
A12-15,A12,Türk kaynağı,1,H,H,H
A12-16,A12,Türk kaynağı,1,E,H,H
A12-17,A12,Türk kaynağı,2,E,H,E
A12-18,A12,Türk kaynağı,2,H,H,E
A12-19,A12,Türk kaynağı,1,H,H,H
A12-20,A12,Türk kaynağı,2,E,H,H
A12-21,A12,Türk kaynağı,2,E,H,H
A12-22,A12,Türk kaynağı,2,H,H,E
A12-23,A12,Türk kaynağı,3,E,H,H
A12-24,A12,Türk kaynağı,3,H,H,H
A12-25,A12,Türk kaynağı,1,H,E,H
A12-26,A12,Türk kaynağı,1,H,E,H
A13-01,A13,Çin kaynağı,1,E,H,H
A13-02,A13,Çin kaynağı,4,E,H,H
A13-03,A13,Çin kaynağı,2,E,H,H
A13-04,A13,Çin kaynağı,3,E,H,H
A13-05,A13,Çin kaynağı,4,E,H,H
A14-01,A14,Türk kaynağı,1,H,H,H
A14-02,A14,Türk kaynağı,1,H,H,H
A14-03,A14,Türk kaynağı,1,E,H,H
A14-04,A14,Türk kaynağı,1,E,H,H
A14-05,A14,Türk kaynağı,1,E,H,H
A14-06,A14,Türk kaynağı,2,H,H,H
A14-07,A14,Türk kaynağı,2,H,H,H
A14-08,A14,Türk kaynağı,2,E,H,H
A14-09,A14,Türk kaynağı,1,H,H,E
A14-10,A14,Türk kaynağı,1,E,H,H
A15-01,A15,Türk kaynağı,3,H,H,H
A15-02,A15,Türk kaynağı,3,H,E,H
A15-03,A15,Türk kaynağı,2,H,H,E
A15-04,A15,Türk kaynağı,3,H,E,H
A15-05,A15,Türk kaynağı,3,H,H,H
A15-06,A15,Türk kaynağı,2,E,H,E
A15-07,A15,Türk kaynağı,2,H,H,E
A15-08,A15,Türk kaynağı,2,H,H,H
A16-01,A16,Türk kaynağı,1,H,H,H
A16-02,A16,Türk kaynağı,3,E,H,H
A16-03,A16,Türk kaynağı,3,E,H,H
A16-04,A16,Türk kaynağı,3,H,E,H
A16-05,A16,Türk kaynağı,1,E,H,H
A16-06,A16,Türk kaynağı,1,H,E,H
A16-07,A16,Türk kaynağı,1,H,E,H
A16-08,A16,Türk kaynağı,1,E,H,H
A16-09,A16,Türk kaynağı,1,E,H,H
A16-10,A16,Türk kaynağı,1,E,H,H
A16-11,A16,Türk kaynağı,4,H,H,E
A17-01,A17,Çin kaynağı,3,E,H,H
A17-02,A17,Çin kaynağı,3,H,H,H
A17-03,A17,Çin kaynağı,3,H,H,H
A17-04,A17,Çin kaynağı,1,E,H,H
A17-05,A17,Çin kaynağı,1,H,H,H
A17-06,A17,Çin kaynağı,1,E,H,H
A17-07,A17,Çin kaynağı,4,H,H,H
A17-08,A17,Çin kaynağı,2,E,H,H
A18-01,A18,Türk kaynağı,3,E,H,H
A18-02,A18,Türk kaynağı,3,E,H,H
A18-03,A18,Türk kaynağı,3,H,E,H
A18-04,A18,Türk kaynağı,1,H,H,H
A18-05,A18,Türk kaynağı,3,H,H,H
A18-06,A18,Türk kaynağı,1,H,E,H
A18-07,A18,Türk kaynağı,1,E,H,H
A18-08,A18,Türk kaynağı,1,E,H,H
A18-09,A18,Türk kaynağı,1,E,H,H
A18-10,A18,Türk kaynağı,1,H,H,H
A18-11,A18,Türk kaynağı,3,E,H,H
A18-12,A18,Türk kaynağı,2,H,H,H
A18-13,A18,Türk kaynağı,2,H,E,E
A18-14,A18,Türk kaynağı,2,H,H,E
A18-15,A18,Türk kaynağı,2,E,H,H
A19-01,A19,Çin kaynağı,3,E,H,H
A19-02,A19,Çin kaynağı,1,E,H,H
A19-03,A19,Çin kaynağı,1,H,H,H
A19-04,A19,Çin kaynağı,1,E,H,H
A20-01,A20,Çin kaynağı,2,E,H,H
A20-02,A20,Çin kaynağı,2,E,H,H
A21-01,A21,Çin kaynağı,2,H,H,E
A21-02,A21,Çin kaynağı,2,H,H,E
A21-03,A21,Çin kaynağı,3,H,H,H
A21-04,A21,Çin kaynağı,3,H,H,H
A21-05,A21,Çin kaynağı,1,H,H,E
A21-06,A21,Çin kaynağı,2,H,H,E
A21-07,A21,Çin kaynağı,2,H,H,E
A21-08,A21,Çin kaynağı,2,H,H,E
A22-01,A22,Çin kaynağı,1,E,H,H
A22-02,A22,Çin kaynağı,1,H,H,H
A22-03,A22,Çin kaynağı,4,H,H,H
A22-04,A22,Çin kaynağı,3,E,H,H
A22-05,A22,Çin kaynağı,2,H,H,H
A23-01,A23,Türk kaynağı,4,H,H,E
A23-02,A23,Türk kaynağı,1,E,H,H
A24-01,A24,Türk kaynağı,3,E,H,H
A24-02,A24,Türk kaynağı,3,H,H,H
A24-03,A24,Türk kaynağı,1,E,H,H
A24-04,A24,Türk kaynağı,4,E,H,H
A24-05,A24,Türk kaynağı,2,E,H,H
A24-06,A24,Türk kaynağı,3,H,H,H
A24-07,A24,Türk kaynağı,3,E,E,H
A25-01,A25,Çin kaynağı,2,E,H,H
A25-02,A25,Çin kaynağı,3,E,H,H
A25-03,A25,Çin kaynağı,3,H,H,H
A25-04,A25,Çin kaynağı,2,E,H,H
B01-01,B01,Çin kaynağı,3,E,H,H
B01-02,B01,Çin kaynağı,3,H,E,H
B01-03,B01,Çin kaynağı,3,E,H,H
B01-04,B01,Çin kaynağı,3,E,H,H
B01-05,B01,Çin kaynağı,3,H,H,H
B01-06,B01,Çin kaynağı,3,E,H,H
B01-07,B01,Çin kaynağı,1,H,H,H
B01-08,B01,Çin kaynağı,2,E,H,H
B01-09,B01,Çin kaynağı,1,E,H,H
B02-01,B02,Çin kaynağı,3,E,H,H
B02-02,B02,Çin kaynağı,3,E,H,H
B02-03,B02,Çin kaynağı,3,H,H,H
B02-04,B02,Çin kaynağı,1,E,H,H
B02-05,B02,Çin kaynağı,1,E,H,H
B02-06,B02,Çin kaynağı,1,E,H,H
B02-07,B02,Çin kaynağı,1,E,H,H
B02-08,B02,Çin kaynağı,3,E,H,H
B02-09,B02,Çin kaynağı,2,E,H,H
B02-10,B02,Çin kaynağı,2,E,H,H
B02-11,B02,Çin kaynağı,3,E,H,H
B02-12,B02,Çin kaynağı,1,H,H,H
B02-13,B02,Çin kaynağı,4,H,H,H
B02-14,B02,Çin kaynağı,3,H,E,H
B02-15,B02,Çin kaynağı,2,H,H,H
B02-16,B02,Çin kaynağı,1,E,H,H
B02-17,B02,Çin kaynağı,4,H,H,E
B02-18,B02,Çin kaynağı,4,H,H,H
B02-19,B02,Çin kaynağı,3,E,H,H
B02-20,B02,Çin kaynağı,4,E,H,H
B03-01,B03,Çin kaynağı,2,H,H,H
B03-02,B03,Çin kaynağı,3,H,H,H
B03-03,B03,Çin kaynağı,2,H,H,H
B03-04,B03,Çin kaynağı,2,H,H,H
B03-05,B03,Çin kaynağı,3,H,E,H
B03-06,B03,Çin kaynağı,2,H,H,H
B03-07,B03,Çin kaynağı,2,H,H,H
B04-01,B04,Çin kaynağı,3,H,H,E
B04-02,B04,Çin kaynağı,3,E,H,H
B04-03,B04,Çin kaynağı,3,H,H,E
B04-04,B04,Çin kaynağı,3,H,H,E
B04-05,B04,Çin kaynağı,3,E,H,H
B04-06,B04,Çin kaynağı,2,H,H,H
B04-07,B04,Çin kaynağı,2,H,H,E
B04-08,B04,Çin kaynağı,2,H,H,H
B04-09,B04,Çin kaynağı,2,H,H,H
B04-10,B04,Çin kaynağı,3,E,H,H
B04-11,B04,Çin kaynağı,2,E,H,H
B04-12,B04,Çin kaynağı,2,E,H,H
B04-13,B04,Çin kaynağı,3,H,H,H
B04-14,B04,Çin kaynağı,4,H,H,H
B04-15,B04,Çin kaynağı,2,H,H,H
B04-16,B04,Çin kaynağı,3,H,H,H
B04-17,B04,Çin kaynağı,3,H,H,H
B04-18,B04,Çin kaynağı,4,H,H,H
B04-19,B04,Çin kaynağı,3,H,H,E
B05-01,B05,Türk kaynağı,2,H,H,H
B05-02,B05,Türk kaynağı,2,H,H,H
B05-03,B05,Türk kaynağı,2,H,H,H
B06-01,B06,Çin kaynağı,3,E,H,H
B06-02,B06,Çin kaynağı,3,E,H,H
B06-03,B06,Çin kaynağı,3,E,H,H
B06-04,B06,Çin kaynağı,2,E,H,H
B06-05,B06,Çin kaynağı,2,E,H,H
B07-01,B07,Çin kaynağı,3,H,E,H
B07-02,B07,Çin kaynağı,3,E,H,H
B07-03,B07,Çin kaynağı,3,E,H,H
B07-04,B07,Çin kaynağı,3,E,H,H
B07-05,B07,Çin kaynağı,3,E,H,H
B07-06,B07,Çin kaynağı,1,E,H,H
B07-07,B07,Çin kaynağı,1,H,H,H
B07-08,B07,Çin kaynağı,3,H,H,H
B07-09,B07,Çin kaynağı,1,H,H,H
B07-10,B07,Çin kaynağı,1,H,H,H
B07-11,B07,Çin kaynağı,1,H,H,H
B07-12,B07,Çin kaynağı,1,H,H,H
B07-13,B07,Çin kaynağı,2,H,H,H
B07-14,B07,Çin kaynağı,2,E,H,H
B08-01,B08,Çin kaynağı,2,H,H,H
B08-02,B08,Çin kaynağı,2,H,H,H
B08-03,B08,Çin kaynağı,2,E,H,H
B09-01,B09,Çin kaynağı,2,E,H,H
B09-02,B09,Çin kaynağı,2,E,H,H
B09-03,B09,Çin kaynağı,2,E,H,H
B09-04,B09,Çin kaynağı,2,H,H,H
B09-05,B09,Çin kaynağı,4,E,H,H
B09-06,B09,Çin kaynağı,3,H,E,H
B09-07,B09,Çin kaynağı,2,H,E,H
B09-08,B09,Çin kaynağı,2,E,H,H
B09-09,B09,Çin kaynağı,2,E,H,H
B09-10,B09,Çin kaynağı,2,H,H,H
B09-11,B09,Çin kaynağı,2,H,E,H
B09-12,B09,Çin kaynağı,2,E,H,H
B09-13,B09,Çin kaynağı,3,H,E,H
B09-14,B09,Çin kaynağı,3,H,H,H
B09-15,B09,Çin kaynağı,2,E,H,H
B10-01,B10,Türk kaynağı,1,H,E,H
B10-02,B10,Türk kaynağı,3,H,H,H
B10-03,B10,Türk kaynağı,1,H,E,H
B11-01,B11,Çin kaynağı,3,H,H,H
B11-02,B11,Çin kaynağı,3,H,H,H
B11-03,B11,Çin kaynağı,3,E,H,H
B11-04,B11,Çin kaynağı,3,H,H,H
B11-05,B11,Çin kaynağı,3,H,H,H
B11-06,B11,Çin kaynağı,3,H,H,H
B11-07,B11,Çin kaynağı,3,H,H,H
B11-08,B11,Çin kaynağı,3,E,H,H
B11-09,B11,Çin kaynağı,3,E,H,H
B11-10,B11,Çin kaynağı,1,E,H,H
B11-11,B11,Çin kaynağı,1,H,H,H
B11-12,B11,Çin kaynağı,1,H,H,H
B11-13,B11,Çin kaynağı,1,H,H,H
B11-14,B11,Çin kaynağı,2,E,H,H
B11-15,B11,Çin kaynağı,2,E,H,H
B11-16,B11,Çin kaynağı,2,E,H,H
B11-17,B11,Çin kaynağı,2,H,H,H
B11-18,B11,Çin kaynağı,2,E,H,H
B11-19,B11,Çin kaynağı,2,H,H,H
B11-20,B11,Çin kaynağı,2,E,H,H
B11-21,B11,Çin kaynağı,4,E,H,H
B11-22,B11,Çin kaynağı,1,H,H,E
B11-23,B11,Çin kaynağı,3,E,H,H
B11-24,B11,Çin kaynağı,3,H,H,H
B11-25,B11,Çin kaynağı,3,E,H,H
B11-26,B11,Çin kaynağı,3,H,H,H
B12-01,B12,Çin kaynağı,3,E,H,H
B12-02,B12,Çin kaynağı,3,H,E,H
B12-03,B12,Çin kaynağı,3,H,E,H
B13-01,B13,Çin kaynağı,3,H,E,H
B13-02,B13,Çin kaynağı,2,H,E,H
B13-03,B13,Çin kaynağı,2,H,E,H
B14-01,B14,Türk kaynağı,1,H,E,H
B14-02,B14,Türk kaynağı,1,H,H,H
B14-03,B14,Türk kaynağı,1,H,H,H
B14-04,B14,Türk kaynağı,3,H,E,H
B14-05,B14,Türk kaynağı,1,H,H,H
B14-06,B14,Türk kaynağı,1,E,H,H
B14-07,B14,Türk kaynağı,1,H,H,H
B14-08,B14,Türk kaynağı,1,H,H,H
B14-09,B14,Türk kaynağı,4,H,H,H
B15-01,B15,Çin kaynağı,2,H,H,H
B15-02,B15,Çin kaynağı,2,E,H,H
B15-03,B15,Çin kaynağı,2,H,H,H
B15-04,B15,Çin kaynağı,2,E,H,H
B16-01,B16,Türk kaynağı,2,E,H,H
B17-01,B17,Türk kaynağı,3,H,H,H
B17-02,B17,Türk kaynağı,3,H,H,H
B17-03,B17,Türk kaynağı,3,H,H,H
B17-04,B17,Türk kaynağı,3,H,H,H
B18-01,B18,Türk kaynağı,2,H,H,H
B18-02,B18,Türk kaynağı,2,H,H,H
B18-03,B18,Türk kaynağı,2,H,E,H
B18-04,B18,Türk kaynağı,3,H,H,H
B18-05,B18,Türk kaynağı,3,H,H,H
B18-06,B18,Türk kaynağı,3,H,H,H
B18-07,B18,Türk kaynağı,3,H,H,H
B18-08,B18,Türk kaynağı,3,H,H,H
B19-01,B19,Türk kaynağı,2,H,H,E
B19-02,B19,Türk kaynağı,2,H,H,E
B20-01,B20,Türk kaynağı,3,H,H,H
B20-02,B20,Türk kaynağı,3,H,H,H
B21-01,B21,Türk kaynağı,3,H,E,H
B21-02,B21,Türk kaynağı,3,H,H,H
B21-03,B21,Türk kaynağı,3,H,H,H
B21-04,B21,Türk kaynağı,2,H,E,H
B21-05,B21,Türk kaynağı,4,H,E,H
B22-01,B22,Türk kaynağı,1,H,H,H
B22-02,B22,Türk kaynağı,1,H,H,H
B22-03,B22,Türk kaynağı,3,H,H,H
B22-04,B22,Türk kaynağı,1,H,H,H
B22-05,B22,Türk kaynağı,1,H,H,H
B22-06,B22,Türk kaynağı,1,H,H,H
B22-07,B22,Türk kaynağı,3,H,H,H
B23-01,B23,Türk kaynağı,3,H,H,H
B23-02,B23,Türk kaynağı,3,H,H,H
B23-03,B23,Türk kaynağı,2,H,H,H
B24-01,B24,Türk kaynağı,1,H,H,H
B24-02,B24,Türk kaynağı,1,H,H,H
B24-03,B24,Türk kaynağı,1,H,H,H
B24-04,B24,Türk kaynağı,1,H,E,H
B24-05,B24,Türk kaynağı,1,H,H,H
B24-06,B24,Türk kaynağı,1,H,H,H
B24-07,B24,Türk kaynağı,1,E,H,H
B24-08,B24,Türk kaynağı,1,H,E,H
B24-09,B24,Türk kaynağı,1,E,H,H
B24-10,B24,Türk kaynağı,1,E,H,H
B24-11,B24,Türk kaynağı,1,H,H,H
B24-12,B24,Türk kaynağı,1,E,H,H
B24-13,B24,Türk kaynağı,1,E,H,H
B24-14,B24,Türk kaynağı,1,E,H,H
