yil,cin_giris_milliyet,yabanci_giris_toplam,cin_payi_yuzde,cin_cikis_ikamet_tuik_anket,tum_ziyaretci_kisi_basi_usd
2000,21518,10428153,0.206,,
2001,23609,11619909,0.203,,
2002,29763,13248176,0.225,,
2003,26367,13956405,0.189,,
2004,34910,17548384,0.199,,
2005,41828,21124886,0.198,,
2006,53194,19819833,0.268,,
2007,63884,23340911,0.274,,
2008,61882,26336677,0.235,,
2009,69336,27077114,0.256,,
2010,77142,28632204,0.269,,
2011,96701,31456076,0.307,,
2012,114582,31782832,0.361,106097.0,980.0
2013,138876,34910098,0.398,124367.0,1024.0
2014,199746,36837900,0.542,189387.0,998.0
2015,313704,36244632,0.866,278846.0,906.0
2016,167570,25352213,0.661,149372.0,846.0
2017,247277,32410034,0.763,254844.0,809.0
2018,394109,39488401,0.998,404078.0,787.0
2019,426344,45058286,0.946,442277.0,826.0
2020,40264,12734213,0.316,31669.0,958.0
2021,33641,24712266,0.136,30091.0,1032.0
2022,89515,44564395,0.201,70428.0,971.0
2023,248119,49209180,0.504,238865.0,979.0
2024,409733,52629283,0.779,404370.0,972.0
2025,425348,52775055,0.806,411105.0,1008.0
