sira,belge,birim_no,arena,yonelim,not
1,A03,1,A1,KR,kullanici once 1-2-4/IB dedi; tek alan istenince 1/K
2,A03,2,A1,KR,
3,A03,3,A1,İB,kullanici 'yonelim 1' yazdi; secenekle teyit: İ
4,A08,1,A1,KR,
5,A08,2,A4,İB,
6,A08,3,A4,RK,
7,A08,6,A1,KR,
8,A10,3,A2,RK,
9,A10,5,A2,KR,
10,A12,1,A4,İB,
11,A12,2,A2,İB,
12,A12,4,A2,İB,
13,A12,5,A1,İB,
14,A12,9,A2,İB,
15,A12,10,A1,RK,
16,A12,11,A2,İB,
17,A12,12,A2,KR,
18,A12,13,A2,RK,
19,A12,18,A4,İB,
20,A12,19,A1,İB,
21,A12,23,A3,İB,
22,A12,24,A1,İB,
23,A12,25,A4,İB,
