ifade_id,belge,metin
A01-01,A01,"İki ülke parlamentoları, siyasi partileri ve yerel yönetimleri arasındaki dostane mübadeleyi genişletmek; yatırım, enerji, eğitim, kültür, spor, turizm, basın, güvenlik, savunma ve ulaştırma gibi alanlarda dostane işbirliğini ilerletmek."
A01-02,A01,"2012'de Türkiye'de düzenlenecek ""Çin Kültür Yılı"" ve 2013'te Çin'de düzenlenecek ""Türkiye Kültür Yılı"" etkinliklerini en iyi şekilde gerçekleştirmek için tüm gücün seferber edilmesi."
A02-01,A02,2012 ile 2013 yılları ise sırasıyla “Türkiye’de Çin Yılı” ve “Çin’de Türkiye Yılı” olarak ilan edilmiştir.
A03-01,A03,"Çin ve Türkiye binlerce dağ ve nehirle birbirinden uzak olsa da, kadim İpek Yolu iki köklü halkımızı birbirine bağlamış; el ele insan medeniyetinin dostane mübadelesi ve ortak ilerlemesinin güzel bir sayfasını yazmıştır."
A03-02,A03,"(3) Halklar arası değişimi yoğunlaştırmak, halk düzeyinde dostluğu artırmak. Çin tarafı Türk tarafıyla düşünce kuruluşları ve sivil toplum kuruluşları arasındaki değişim ve işbirliğini güçlendirmeyi sürdürmek, aynı zamanda turizm işbirliğini genişletmek ve iki ülke dostluğunun toplumsal temelini daha da sağlamlaştırmak istiyor."
A03-03,A03,"Türk tarafı Çin ile ekonomi-ticaret, enerji, kültür, turizm, demiryolu altyapısı inşası gibi alanlarda işbirliğini güçlendirmek istiyor."
A04-01,A04,"In the case of the Turkish Airlines, growth is almost an automatic concept which fuels our tourism and service sectors in Turkey."
A04-02,A04,"Firstly, Istanbul has always played the role of a strategic intersection since the dawn of the history. It dutifully connects East to West and North to South."
A04-03,A04,"Therefore, no wonder the Silk Road which began in Xi’an ended in Istanbul for two millenia."
A04-04,A04,"At this very critical location, the Turkish Airlines plays a key role of addressing the needs of our times by bringing in international traffic and tourism, and providing a crucial connecting point for the rest of the world."
A04-05,A04,"Turkish Airlines, with its daily flights from Beijing and Shanghai, as well as, 4 flights from Guangzhou, is determined to consolidate its position in the South East Asia."
A04-06,A04,"Hong Kong, with the daily flights, will no doubt further boost tourism and stimulate trade activities between Turkey and Hong Kong."
A05-01,A05,"The Final Event of 2013 Cultural Year of Turkey in China will take place on 28th February 2014, Friday, 19:30 at the Beijing Century Theatre"
A05-02,A05,"Rumi is first and foremost symbolized, in Turkey and in the world, with his very famous message: “Come, come, whoever you are. Come yet again”."
A06-01,A06,"İki bin yılı aşkın süre önce Avrasya kıtasının çalışkan ve cesur halkları kadim ""İpek Yolu""nu açtı."
A06-02,A06,"[İpek Yolu ruhu] güzergâh ülkelerinin refah ve kalkınmasını teşvik eden önemli bir bağ, Doğu ile Batı arasındaki mübadele ve işbirliğinin simgesi ve dünyadaki tüm ülkelerin ortak tarihî-kültürel mirasıdır."
A06-03,A06,"2013'te Çin Devlet Başkanı Xi Jinping art arda ""İpek Yolu Ekonomik Kuşağı"" ve ""21. Yüzyıl Deniz İpek Yolu"" büyük girişimlerini önerdi ve uluslararası toplumun yoğun ilgisini gördü."
A06-04,A06,"Tesis bağlantısı, güzergâh ülkelerinin altyapı planlaması ve teknik standart sistemlerini birbirine bağlaması, uluslararası ana koridorların inşasını birlikte ilerletmesi ve Asya'nın alt bölgelerini ve Asya-Avrupa-Afrika'yı bağlayan bir altyapı ağını adım adım oluşturması demektir."
A06-05,A06,"Halklar arası gönül bağı; kültürel mübadele, akademik temaslar, insan kaynakları değişimi, turizm, bilim-teknoloji ve medya işbirliği, siyasi parti, parlamento, gençlik ve kadın temasları, gönüllü hizmetler vb.'nin geniş çapta yürütülmesi demektir."
A06-06,A06,"""Kuşak ve Yol"" inşası ortak istişare, ortak inşa ve ortak paylaşım ilkesine dayanır; kapalı değil açık ve kapsayıcıdır; Çin'in tek başına solosu değil, güzergâh ülkelerinin korosudur."
A06-07,A06,"""Kuşak ve Yol"" mevcut bölgesel işbirliği mekanizmalarının ve girişimlerinin yerini almayı değil, var olan temel üzerinde güzergâh ülkelerinin kalkınma stratejilerinin birbirine bağlanmasını ve üstünlüklerin tamamlanmasını amaçlar."
A06-08,A06,"Türkiye kadim İpek Yolu'nun önemli bir durağı, aynı zamanda ""Kuşak ve Yol"" inşasının önemli bir halkasıdır."
A06-09,A06,"Başkan Xi Jinping'in önerdiği ""Kuşak ve Yol"" stratejik vizyonu ile Türk liderlerinin önerdiği ""İpek Yolu Girişimi ve Kervansaray Projesi"" kendiliğinden örtüşmektedir."
A06-10,A06,"Türkiye ""Kuşak ve Yol""un doğal destekçisi ve katılımcısıdır; Türk tarafı ""Kuşak ve Yol"" inşasına aktif olarak entegre olmak istiyor."
A06-11,A06,Son yıllarda Çin şirketleri Türkiye'deki büyük altyapı projelerine derinlemesine katılmış; Çin şirketlerinin de inşasına katıldığı Ankara-İstanbul hızlı treni tamamen hizmete girmiş ve güzergâh halkının yaşamını büyük ölçüde kolaylaştırmıştır.
A06-12,A06,Son yıllarda Türkiye'ye gelen Çinli turist sayısı belirgin biçimde arttı; bu karşılıklı anlayışı ve dostluğu derinleştirdi.
A06-13,A06,"Türkiye'nin büyük düşünürü Mevlana, ""Gel, ne olursan ol gel, umut kapısı size açık"" demiştir."
A06-14,A06,"Çin, Türkiye dahil İpek Yolu güzergâh ülkeleriyle birlikte, ""Kuşak ve Yol""un ortak inşasını fırsat bilerek daha geniş kapsamlı, daha yüksek düzeyli ve daha derin bir açılım, mübadele ve bütünleşmeyi teşvik etmek ve ""Kuşak ve Yol"" inşasının yeni sayfasını birlikte yazmak istiyor."
A07-01,A07,İpek Yolu ruhunun canlandırılması ve İpek Yolunun anlamının yeni çağın özelliklerine göre zenginleştirilmesi gayretiyle Kuşak ve Yol Girişiminin önerildiğini göz önüne alarak;
A07-02,A07,Türkiye Cumhuriyeti'nin uzun süredir İpek Yoluyla ilgili kavramları geliştirmekte olduğu ve çok taraflı gelişme ihtiyaçlarına ve beklentilerine dayalı olarak Orta Koridor Girişimi gibi önerilerinin uygulanması için aktif şekilde çalıştığı;
A07-03,A07,"İki Tarafın ilgili tüm ülkeler ve uluslar için barışçıl gelişme ve ortak refahı gerçekleştirmek amacıyla İpek Yoluyla ilgili girişimleri arasında birleşen noktaları ortaklaşa keşfetmeleri; politikaların uyumlaştırılmasını ve pragmatik işbirliğini kolaylaştırmak üzere birlikte çaba sarf etmeleri, kazan-kazan işbirliğini ve karşılıklı öğrenmeyi desteklemeleri gerektiğine karar verilerek;"
A07-04,A07,bir taraftan Orta Koridor ve Kuşak ve Yola ilişkin Kervansaray projeleri gibi Türk girişimlerini Kuşak ve Yol ile bütünleştirirken Kuşak ve Yol Girişimine yönelik işbirliğini ortaklaşa teşvik ederler.
A07-05,A07,"Otoyol, demiryolu, sivil havacılık, limanın yanı sıra petrol ve gaz boru hatları, enerji nakil hatları şebekesi ve telekomünikasyon ağı da dâhil Türkiye'de, Çin'de ve üçüncü ülkelerde iki taraflı altyapı projelerinde işbirliği konusunda planların düzenlenmesi;"
A07-06,A07,"trafik erişilebilirliğinin ve ulaşım ağı güvenliğinin iyileştirilmesi, ulaşımın kolaylaştırılması için anlaşmaların görüşülmesi ve imzalanması ve sınır ötesi ulaşım güvenliğinin sağlanması."
A07-07,A07,"İpek Yolu boyunca gümrük işbirliği hususunda, Kervansaray Projesinin Kuşak ve Yol'a dâhil edilmesi memnuniyetle karşılanır."
A07-08,A07,RMB sınır ötesi düzenlemesinin iyileştirilmesi ve ikili işbirliği ihtiyacını karşılanması için ticarette ve yatırımda yerel ülke para birimlerinin kullanımının genişletilmesi maksadıyla Türk-Çin para birimi takas anlaşmasından yararlanılması;
A07-09,A07,"özellikle Asya Altyapı ve Yatırım Bankası, İpek Yolu Fonu ve diğer hükümet fonları, piyasa işlemleri, yardım fonları, uluslararası ve sosyal fonlar aracılığıyla bu programlara yatırım ve finansman desteği sunulması"
A07-10,A07,"İnsandan insana değişimlerin teşvik edilmesi, orta ve uzun vadeli kültür alışverişi işbirliği modeli oluşturulması, kardeş şehir ağları kurulması için çaba sarf edilmesi;"
A07-11,A07,"medya, çevre koruma, eğitim, sağlık, kültür, kültür merkezleri, sanat, turizm, yoksulluğun giderilmesi, toplumsal refah vb. konularda işbirliği anlaşmalarının imzalanmasının görüşülmesi;"
A07-12,A07,"İki Tarafta yerel birimlerin, medyanın, düşünce kuruluşlarının, öğrenci ve gençlerin değişiminin hızlandırılması ve İpek Yolu kültürünün ileriye taşınması"
A08-01,A08,"Taraflar yakında hükümetler arası ""Kuşak ve Yol"" inşasını ortaklaşa ilerletme mutabakat zaptını imzalayacak; bu, tarafların ""Kuşak ve Yol"" çerçevesinde çeşitli alanlarda işbirliğini ilerletmesine önemli politika desteği sağlayacak."
A08-02,A08,"Taraflar İpek Yolu Fonu ve Asya Altyapı Yatırım Bankası gibi platformlardan aktif biçimde yararlanmalı, işbirliği kanallarını ve modellerini yenilemeli, ortak kalkınma ve ortak refahı gerçekleştirmeli."
A08-03,A08,Çin tarafı Türk tarafıyla ikili ticaret ve yatırımda yerel para kullanımını genişletmeyi ve ticaret ile yatırımın kolaylaştırılmasını ele almak istiyor.
A08-04,A08,"Taraflar halklar arası değişimi genişletmeli, Çin-Türkiye dostluğunun kamuoyu temelini sağlamlaştırmalı."
A08-05,A08,"Türk tarafı Çin ile ilişkilere büyük önem veriyor; karşılıklı saygı temelinde Çin tarafıyla siyaset, ekonomi, enerji, kültür, güvenlik, turizm gibi alanlarda işbirliğini derinleştirmeyi sürdürmek istiyor."
A08-06,A08,"Türk tarafı ""Kuşak ve Yol"" çerçevesindeki işbirliğine aktif olarak katılmak ve Çinli şirketlerin Türkiye'de altyapı vb. alanlara yatırımlarını artırmasını memnuniyetle karşılamak istiyor."
A08-07,A08,"Görüşmenin ardından iki devlet başkanı ""Kuşak ve Yol"" inşasını ortaklaşa ilerletmeye ilişkin mutabakat zaptının ve altyapı, ithalat-ihracat denetim ve karantina gibi alanlarda işbirliği anlaşmalarının imzalanmasına birlikte tanıklık etti."
A09-01,A09,"Taraflar ""Kuşak ve Yol"" çerçevesinde, Çin-Türkiye diplomatik ilişkilerinin 45. yıldönümü gibi önemli tarihlerle birleştirerek kültür ve turizm işbirliğini ilerletebilir, ""Mutlu Bahar Bayramı"" ve ""Nevruz Bayramı"" kültür markalarının inşasını güçlendirebilir."
A09-02,A09,"2014'te Türkiye'ye gelen Çinli turist sayısı 200 bin, 2015'te 310 bin oldu; 2015'te Çin'in yurt dışı turist sayısı 120 milyona ulaştı. Bu, Çin-Türkiye turizm işbirliğinin istikrarlı biçimde yükseldiğini ve potansiyelinin büyük olduğunu tam olarak göstermektedir."
A09-03,A09,Türk tarafının güvenlik ve hizmet gibi açılardan Çinli turistlere yönelik güvenceyi güçlendirmesini umuyoruz.
A09-04,A09,"Bakan Mahir [Ünal], Türkiye ve Çin'in her ikisinin de kadim medeniyetler olduğunu ve dostluklarının çok eskilere dayandığını belirtti."
A09-05,A09,"İpek Yolu güzergâhındaki önemli bir ülke olarak Türk tarafı ""Kuşak ve Yol"" etrafında Çin tarafıyla güçlü işbirliği yapmak, kültürel yayılım ve heyet ziyaretleri gibi bir dizi kültürel kutlama etkinliğiyle halklar arası değişimi güçlendirmek istiyor."
A09-06,A09,Türk tarafı Çin tarafının Türkiye'deki seyahat güvenliği gibi konulardaki kaygılarına büyük önem veriyor ve Çinli turistlere yönelik güvenlik seviyesini yükseltti.
A09-07,A09,Türk tarafı iki ülke arasındaki uçuşların artırılmasını teşvik ediyor ve Çinli yolcular dahil tüm ülkelerin yolcularına daha kaliteli ve verimli hizmet sunmak için çaba gösteriyor.
A10-01,A10,"""China will become one of the most important tourism partners of Turkey in the very near future,"" Kurtulmus told reporters at the 14th China International Tourism and Travel Fair in the capital Beijing."
A10-02,A10,"Kurtulmus said it was Turkey's tourism strategy to engage in promotional activities with such countries as China, India, Japan, Malaysia and Indonesia."
A10-03,A10,"""Around 250,000 tourists came to Turkey last year. There is no reason not to increase this number to 500,000."""
A10-04,A10,"According to the Turkish Foreign Ministry website, Ankara considers tourism as a sector with the ""potential"" to further enhance cultural and economic ties with Beijing."
A10-05,A10,"""Chinese tourists, visiting Turkey in a steadily rising number since 2002, are strengthening ties between Turkish and Chinese people,"" it said."
A10-06,A10,"After the fair, Kurtulmus met his Chinese counterpart Luo Shugang within the scope of Turkish Tourism Year in China."
A10-07,A10,Kurtulmus said Turkey wants to open Yunus Emre Institute in China and called for a completion of judicial processes as soon as possible.
A11-01,A11,"Both sides should reinforce the integration of development strategies, elevate the overall level of China-Turkey practical cooperation and well integrate the ""Belt and Road"" initiative with the ""Middle Corridor"" initiative."
A11-02,A11,Both sides should enrich people-to-people and cultural exchanges to expand the public opinion foundation of China-Turkey friendship.
A11-03,A11,"Turkey is willing to intensify exchanges with China at all levels, supports and stands ready to actively participate in the ""Belt and Road"" construction and boost cooperation in such areas as economy and trade, energy, infrastructure and tourism."
A12-01,A12,"Due to the fact that 130 million Chinese tourists traveled abroad last year, they will undoubtedly contribute to boosting Turkey's tourism sector."
A12-02,A12,We are looking forward to increasing the percentage of Chinese tourists in this already varied demographic.
A12-03,A12,"Chinese tourists tend to have a deep interest in historically, culturally and geographically significant places. Many of these are to be found in Turkey: The city of Istanbul is a treasure in itself,"
A12-04,A12,A visa free policy for both sides is our ultimate goal.
A12-05,A12,Chinese tourists can easily receive their Turkish visas online at evisa.gov.tr in less than three minutes.
A12-06,A12,Visa fees can also be paid with different payment methods including AliPay.
A12-07,A12,"Moreover, holders of diplomatic, service and official Chinese passports are visa-exempt."
A12-08,A12,This year is celebrated as the Turkey Tourism Year in China.
A12-09,A12,"Throughout the Tourism Year, Turkey will be organizing more than 60 events showcasing the country's tourism and culture. These events will also comprise tourism sector interactions between private Turkish and Chinese companies."
A12-10,A12,"Turkish Airlines, one of Turkey's biggest companies, is successfully investing in China, operating 28 direct flights between Beijing, Shanghai, Guangzhou, Hong Kong and Istanbul each week."
A12-11,A12,"For tailored travel experiences, we are organizing events to bring together Turkish and Chinese tourism operators to explore ways to offer the best service to Chinese tourists at a reasonable price."
A12-12,A12,"We are working on increasing the number of Chinese-speaking personnel in the tourism sector, while Turkish tourism companies are adjusting their programs and travel packages according to the interests and requirements of Chinese tourists."
A12-13,A12,"Our goal is to host around 500,000 Chinese tourists in 2018 and reach 1 million and more in the coming years."
A12-14,A12,"However, flight capacity between Turkey and China is a major obstacle. In this regard, we are aiming to increase flight frequencies and destinations."
A12-15,A12,"Turkish Airlines would like to extend its operations to several Chinese destinations other than Beijing, Shanghai, Guangzhou and Hong Kong in the near future."
A12-16,A12,"We also encourage Chinese airlines to launch direct flights to and from Turkey. To this end, our relevant agencies are maintaining close contacts to strengthen Turkish-Chinese civil aviation cooperation."
A12-17,A12,I should also add that Turkish and Chinese tour operators need to work closely to offer the best alternatives for Chinese tourists in Turkey.
A12-18,A12,"The tourism market in China should also be more accessible for Turkish operators, so that members of the Turkish tourism sector can travel back and forth between China and Turkey to work on business arrangements with Chinese counterparts without any hindrance."
A12-19,A12,"Security checks have been tightened, particularly in transport services and places of interest for tourists."
A12-20,A12,"Both leaders, President Recep Tayyip Erdogan and President Xi Jinping, have agreed to strengthen bilateral ties across all fields, particularly in people-to-people interactions. Tourism is a great asset to realize the vision of our leaders."
A12-21,A12,Both countries should be more active in introducing their cultures to each other.
A12-22,A12,"Firstly, the Chinese authorities' visa policy needs to be revisited."
A12-23,A12,"Bilateral ties between Turkey and China, two ancient civilizations, date back thousands of years. The Silk Road has played a prominent role in our relations throughout the centuries."
A12-24,A12,"The geographic gates of the Silk Road in Europe and Asia are now tied again hand in hand, this time, as part of the Belt and Road Initiative."
A12-25,A12,"Turkey is perfectly located. A natural bridge on the East-West and North-South axes, thus creating an efficient and cost-effective outlet to major markets."
A12-26,A12,"When completed, the new Istanbul Airport will be the world's largest in terms of annual passenger capacity."
A13-01,A13,"Türkiye ""Kuşak ve Yol""un ortak inşasında önemli bir ortaktır; Çin tarafı Türk tarafıyla ""Kuşak ve Yol"" girişimi ile ""Orta Koridor"" planının uyumlaştırılmasını hızlandırmak istiyor."
A13-02,A13,"Aynı zamanda küçük ve orta ölçekli, halka yarar sağlayan projelerde işbirliğini aktif biçimde yürütmek, daha fazla şirket ve vatandaşın Çin-Türkiye işbirliğinden somut faydalar elde etmesini sağlamak."
A13-03,A13,"Halklar arası değişim ve turizm işbirliğini genişletmeyi sürdürmek, iki ülke halkının karşılıklı anlayışını artırmak ve Çin-Türkiye dostluğunun kamuoyu temelini sağlamlaştırmak gerekir."
A13-04,A13,"Erdoğan, bin yıllık kadim İpek Yolu ile birbirine bağlanan Türk-Çin dostluğunun çok eskilere dayandığını ve bugün daha da güçlendiğini belirtti."
A13-05,A13,"Türk tarafı ""Kuşak ve Yol"" inşasını kararlılıkla destekliyor; tarafların ""Kuşak ve Yol"" çerçevesinde ticaret, yatırım, finans, enerji, otomotiv, altyapı, 5G, akıllı şehir gibi alanlarda işbirliğini güçlendirmesini umuyor."
A14-01,A14,"Bugün, Tarihi İpek Yolu’nun binlerce yıl en görkemli medeniyet başkentlerinden olagelmiş, dünya kültürel mirasının sembol şehirlerinden İstanbul ile Xi’an’ı havayoluyla birbirine bağlıyoruz."
A14-02,A14,"Bildiğiniz üzere, Xi’an’dan hareket eden Çin-Avrupa treni 6 Kasım’da Ankara’ya ulaşmıştı."
A14-03,A14,"İstanbul – Xi’an uçuşu, Türkiye Cumhurbaşkanı Sayın Recep Tayyip Erdoğan’ın ve Çin Halk Cumhuriyeti Devlet Başkanı Sayın Xi Jinping’in vizyoner liderlikleri ve sivil havacılık alanında iki ülke arasındaki işbirliğinin güçlendirilmesine yönelik kararlılıkları ve ortak anlayışları sayesinde hayat bulmuştur."
A14-04,A14,"İki ülke arasındaki bağlantılılığın güçlendirilmesi, Çin’in Kuşak ve Yol Girişimi ile Türkiye’nin Orta Koridor Girişimi arasındaki işbirliğinin ve uyumun sağlanmasına büyük katkı sağlayacaktır."
A14-05,A14,"Sivil havacılıktaki ikili işbirliğimize her daim “kazan-kazan” ilkesiyle yaklaştık. Bu çerçevede, Türk ve Çinli havayolu şirketlerinin iki ülke arasında karşılıklı doğrudan uçuşlarını artırmakta olmalarından büyük memnuniyet duyuyoruz."
A14-06,A14,2018 yılı Çin’de Türkiye Turizm Yılı olarak kutlanmıştır. Bir önceki yıla göre %64 artışla Çin’den 400 bini aşkın turist Türkiye’yi ziyaret etmiştir.
A14-07,A14,Hedefimiz bu sayıyı 1 milyona çıkartmaktır.
A14-08,A14,"Karşılıklı doğrudan seferlerin artması, karşılıklı turizmin güçlendirilmesi ile dost halklarımızın birbirlerini daha iyi tanımaları bakımından özellikle önem arzetmektedir."
A14-09,A14,"Çin makamlarının karşılıklı seferleri teşvik etmeyi sürdürmesini bekliyor, 2020 yılında yeni hatların faaliyete geçmesini temenni ediyoruz."
A14-10,A14,"Xi’an artık Türkiye’nin Bayrak Taşıyıcısı Türk Hava Yolları’nın yeni yuvasıdır. Bu uçuş, Türkiye ve Çin arasındaki dostluğun ve geleceğe dönük işbirliği vizyonunun da parlayan sembolü olacaktır."
A15-01,A15,Turkey has a total of 18 precious cultural and natural sites inscribed on the UNESCO World Heritage List as of 2020.
A15-02,A15,"İstanbul is the only city situated on two continents in the world, one arm reaching out to Asia and the other to Europe"
A15-03,A15,Cappadocia is one of the most visited places in Turkey particularly by Chinese tourists.
A15-04,A15,"I proudly announce here that this place, where the history has begun, is located in Şanlıurfa, the city where my hometown is."
A15-05,A15,"Konya is also known for its Whirling Dervishes, reflecting mystic Sufi tradition created by Mevlana Celaleddini Rumi, who has handed down an interpretation of İslamic belief from the point of love."
A15-06,A15,"From a Turkish-Chinese tourism perspective, despite the sharp rises in the number of Chinese visitors to Turkey for the last two years, it is still below our expectations."
A15-07,A15,"After the pandemic, we aim at increasing this number up to one million. Bearing in mind that Turkey hosts more than 45 million visitors every year, 1 million Chinese visitors could be regarded as quite low."
A15-08,A15,"We take tourism not just as a simple commercial activity, instead, a favorable way of sharing and exchanging cultural values, thoughts and ideas which would contribute to whole of humanity, at the end of the day."
A16-01,A16,"The train, which recently arrived to Xi’an from Çerkezköy near Istanbul in just over two weeks, followed the Trans Caspian East-West Middle Corridor by passing through two continents, two seas,five countries and covering almost 8,700 kilometers."
A16-02,A16,It will not be wrong to state that his joyous occasion marks the revival of the historical ties between Turkey and China.
A16-03,A16,"Xi’an, as the eastern end to the Silk Road and former capital of China, was once the meeting and melting point of ancient Turks and Chinese, as well as of many others, for social and commercial interactions."
A16-04,A16,"Today, after many centuries, we again follow their path. We are building a modern Silk Road, with the opportunities provided by technology and modernization."
A16-05,A16,"Indeed, the launch of the direct flights between Xi’an and Istanbul in December 2019 was also very beneficial for this connectivity."
A16-06,A16,"Turkey’s strategic location at the intersection of the European, Middle Eastern and African markets has a crucial role in strengthening business resilience. It provides safe, stable and fast supply chains."
A16-07,A16,We are constructing Edirne-Kars High Speed Train Network covering Turkey from west to east. It will enable faster and cheaper transport from China and Central Asia to Europe.
A16-08,A16,"And some of these recent mega-construction projects in Turkey are materialized with Chinese partnership, and more are being planned."
A16-09,A16,Turkey has been one of the earliest supporters of the Belt and Road Initiative. Our Middle Corridor Initiative has a natural complementarity with the BRI.
A16-10,A16,"Therefore, Turkey and China have common views and interests for deepening regional economic cooperation on the vast Eurasian landmass via transport corridors."
A16-11,A16,"Highly qualified Turkish brands and products, which are well sought-after in many parts of the world, will become more available in the Chinese market."
A17-01,A17,"Binlerce yıldır，Çin, Türkiye’nin de aralarında olduğu güzergah üzerindeki halklarla birlikte İpek Yolu'nun ortaya çıkışını ve refahını desteklemiş, medeniyetlerin birbirleriyle etkileşimine, dünyanın zenginleşmesine ve kalkınmasına tarihi bir katkıda bulunmuştur."
A17-02,A17,"Bugün Kuşak ve Yol inisiyatifi, ülkelerin fikirlerini ve bilgi birikimlerini bir araya getirerek, çok taraflılığı savunarak ve tüm taraflara yarar sağlayarak İpek Yolu'nun kapsamlı bir şekilde yeniden canlandırılmasına imkan sağlamaktadır."
A17-03,A17,"Çin tarafından uluslararası topluma sunulan bir kamu yararı olarak ""Kuşak ve Yol İnisiyatifi, üç küresel girişim gibi, Çin'in daha iyi bir dünya inşa etmek için diğer ülkelerle birlikte çalışma misyonunu yansıtmaktadır."
A17-04,A17,"Türkiye, Kuşak ve Yol İnsiyatifi’ni destekleyen ilk ülkeler arasındadır. 2015 yılında Çin ve Türkiye, ""Kuşak ve Yol"" ve ""Orta Koridor"" girişimlerinin uyumlaştırılması konusunda bir mutabakat zaptı imzalayarak, Çin-Türkiye çok yönlü işbirliği için yeni dönem başlatmıştır."
A17-05,A17,"""Kuşak ve Yol"" inisiyatifi ve ""Orta Koridor"" projesinin birbirine sıkı sıkıya kenetlenmesiyle birlikte kademeli olarak politika iletişimi, tesis bağlantısı, sorunsuz ticaret akışı, finansal entegrasyon ve halklar arası iletişimi hayata geçirdik."
A17-06,A17,"İki taraf çok düzeyli ve çok alanlı bir diyalog ve istişare mekanizması kurmuş ve Çin-Türkiye Hükümetlerarası İşbirliği Komitesi ile ""Kuşak ve Yol"" ve ""Orta Koridor"" Çalışma Grubu’nu oluşturmuştur."
A17-07,A17,"İnisiyatif, 3.000'den fazla işbirliği projenin oluşumuna ve yaklaşık 1 trilyon USD tutarında yatırıma vesile olmuş, güzergâh üzerindeki ülkelerde 420.000 kişiye istihdam yaratmış ve insanlara gerçek faydalar sağlamıştır."
A17-08,A17,"Konfüçyüs Enstitüsü, Yunus-Emre Türk Kültür Merkezi, Kardeş Eyalet ve Şehirler ile lise öğrencileri için düzenlenen ""Hayalimdeki Çin"" resim yarışması gibi projeler sayesinde iki ülke halkı, özellikle de gençler birbirlerini tanımış ve halklar arası ilişkiler güçlendirilmiştir."
A18-01,A18,"Xi’an, as the eastern end of the Silk Road and the former capital of China, was once the meeting and melting point of various people, including the ancient Chinese and Turks."
A18-02,A18,"For instance, starting from the time of Ming Dynasty, Ottoman and Chinese Emperors have exchanged various precious gifts through the Silk Road."
A18-03,A18,"Türkiye has always been an integral part of Asia’s historic, linguistic and cultural sphere throughout history, and today, it continues to function as the gateway between Asia and Europe."
A18-04,A18,"Situated at a unique location at the crossroads of Europe, Asia and Africa, Türkiye prioritizes increased connectivity and economic cooperation to ensure peace, stability and sustainable development."
A18-05,A18,Türkiye has supported this important Initiative from the very beginning.
A18-06,A18,"This is why we put forth the Middle Corridor initiative, which starts from Türkiye in the west, and after crossing the Caucasus, the Caspian Sea and the Central Asian Republics, reaches China."
A18-07,A18,This initiative is in natural harmony with the BRI.
A18-08,A18,"In 2015, we have signed a Memorandum of Understanding (MoU) with China, to align the two initiatives in order to avoid duplications, raise efficiencies and increase our cooperation."
A18-09,A18,"Together with the BRI, the Middle Corridor provides uninterrupted and increased access to the Black Sea and Mediterranean basins, as well as to Europe and Africa."
A18-10,A18,"As part of this shared vision, we launched the first east-bound export train from Türkiye to China in December 2020 which arrived in this beautiful city Xi’an."
A18-11,A18,"To better understand and obtain unhindered information about each other, it is important to use our own media channels."
A18-12,A18,"Tourism, in this sense, is the most direct means of such an interaction."
A18-13,A18,"I believe that Türkiye, as the 4th most popular tourist destination in the world, features vast attractions for Chinese tourists."
A18-14,A18,"In this vein, I hope that the resumption of Turkish Airlines’ Xi’an-İstanbul direct flights will provide an excellent opportunity for the people of Xi’an city, Shaanxi and neighbouring provinces to discover and explore what Türkiye offers."
A18-15,A18,"And vice-versa, I hope more Turkish tourists will visit the historic city of Xi’an treasuring house of relics and ancient sites, as the cradle of Chinese civilization."
A19-01,A19,Çin ve Türkiye Avrasya kıtasının doğu ve batı uçlarında yer alır; bin yıllık İpek Yolu iki ülkeyi sıkı biçimde birbirine bağlamıştır.
A19-02,A19,"""Kuşak ve Yol"" girişiminin ortak inşası ile Türkiye'nin ""Orta Koridor"" planının etkin biçimde uyumlaştırılmasını ilerletmek, işbirliği alanlarını genişletmek ve işbirliği potansiyelini ortaya çıkarmak."
A19-03,A19,"Kültür, eğitim, turizm, havacılık gibi alanlarda işbirliğini yakınlaştırmak."
A19-04,A19,"""Orta Koridor"" planı ile ""Kuşak ve Yol"" girişimi yüksek düzeyde örtüşmektedir; Türk tarafı Çin tarafıyla yakın işbirliği yapmak istiyor."
A20-01,A20,Taraflar iki ülke arasında halklar arası değişimin teşviki ve çift yönlü turist hareketinin desteklenmesi gibi konularda görüş alışverişinde bulundu.
A20-02,A20,"Görüşmenin ardından Sun Yeli ve Ersoy, ""ÇHC Kültür ve Turizm Bakanlığı ile Türkiye Cumhuriyeti Kültür ve Turizm Bakanlığı Arasında Turizm İşbirliğine İlişkin Mutabakat Zaptı""nı birlikte imzaladı."
A21-01,A21,Türkiye is keen to significantly enhance its tourism services by offering diverse experiences and aims to attract 1 million Chinese tourists by the end of this year
A21-02,A21,"""We are working on many initiatives in the tourism sector simultaneously to ensure that our Chinese guests can experience the beauty of our country, feel at home, and host more and more Chinese guests every year,"" Ersoy said."
A21-03,A21,"""In response, Türkiye is spotlighting a broader array of destinations, including Silk Road routes that span the country, and offering unique experiences such as Night Museums and gastronomic tours,"" Ersoy said."
A21-04,A21,"Situated at the crossroads of Europe and Asia, Türkiye boasts world-renowned destinations such as Istanbul, its vibrant cultural hub;"
A21-05,A21,"""Istanbul airport, which is the entry point for our Chinese visitors, holds the China Friendly certification,"" he said."
A21-06,A21,"""Additionally, we continue our efforts to offer Chinese language courses in Tourism Vocational Schools and increase the number of Chinese-speaking tour guides."""
A21-07,A21,"The ministry also created active accounts on social platforms which allow Türkiye to engage directly with Chinese travelers and promote the country's diverse tourism offerings, Ersoy added."
A21-08,A21,"A total of 21 sites in Türkiye are inscribed on the UNESCO World Heritage List. According to Ersoy, these historical landmarks that bear the legacy of great civilizations offer Chinese tourists a truly unique and unforgettable cultural experience."
A22-01,A22,enhance the synergy between the Belt and Road Initiative and the Middle Corridor Initiative
A22-02,A22,advance the development of the southbound passage of the China-Europe Railway Express
A22-03,A22,"upgrade cooperation in such traditional areas as economy and trade, culture and tourism"
A22-04,A22,"It hopes to have close high-level exchanges with China, jointly pursue high-quality Belt and Road cooperation"
A22-05,A22,"promote people-to-people and cultural exchanges in education, tourism and other areas"
A23-01,A23,"Cumhurbaşkanı Erdoğan, ikili ticaretin dengeli ve sürdürülebilir kılınması için yatırımlarla desteklenmesi gerektiğini, özellikle dijital teknolojiler, enerji, sağlık ve turizm alanlarının potansiyelinin büyük olduğunu, bu minvalde Çin firmalarının Türkiye'de yatırım yapmaları hususunda eşgüdümün artırılmasının fayda sağlayacağını ifade etti."
A23-02,A23,"Cumhurbaşkanı Erdoğan, Orta Koridor ile Yol ve Kuşak Girişiminin uyumlaştırılması için müşterek adımlar atılmasının önemli olduğunu belirtti."
A24-01,A24,"Thanks to the Silk Road, cultural and economic exchanges have continued to serve for cooperation between our two great civilizations. The Chinese porcelains displayed in the Ottoman Court show the depth of this relationship."
A24-02,A24,"That Communique was also significant in terms of its reference to the importance of the Silk Road, which paved the way for our support for Belt and Road Initiative (BRI) from the very beginning."
A24-03,A24,"We believe that BRI is in natural harmony with Türkiye’s Middle Corridor Initiative. In this context, we signed a Memorandum of Understanding with China in 2015 to harmonize these two initiatives and held the first working group meeting in November 2024 in Beijing."
A24-04,A24,"The effective and full harmonization of these two visions will not only provide significant opportunities in commercial, political and cultural areas for the regional countries, but it will also address challenges posed by an increasingly complex world."
A24-05,A24,We believe the 55th anniversary presents an opportunity to enhance bilateral cooperation in all fields. This includes academic and people-to-people exchanges.
A24-06,A24,We strongly think that some of these pieces were written under the influence of totally one-sided sources. Some seem to have totally wrong/inaccurate sources based on orientalism and even old-style imperialism.
A24-07,A24,China is surely like Türkiye one of the cradles and lighthouses of the world civilization.
A25-01,A25,"Türkiye'deki Çin Büyükelçiliği, Türkiye Kültür ve Turizm Bakanlığı ve Türkiye Çinli İş İnsanları Derneği ile işbirliği içinde Ankara Cumhurbaşkanlığı Konser Salonu'nda Çin-Türkiye diplomatik ilişkilerinin 55. yılını kutlayan ""İpek Yolu Ezgisi"" konserini düzenledi."
A25-02,A25,"Müzikle, kadim İpek Yolu üzerinde Çin ve Türk medeniyetlerinin etkileşim ve kaynaşmasının, karşılıklı öğrenmesinin canlı tablosunu yeniden canlandırdı."
A25-03,A25,"Genç dansçı Ma Tianyi ""Dunhuang · İpek Yolu Alev Gölgeleri"" gösterisini sunarak zarif dans figürleriyle Dunhuang sanatının ruhunu sergiledi."
A25-04,A25,"Çin-Türkiye sahne sanatları alanındaki değişim ve işbirliği için değerli deneyim biriktirdi, iki ülke arasındaki kültürel değişimi derinleştirdi ve somutlaştırdı."
B01-01,B01,"more than 2,100 years ago, during China's Western Han Dynasty (206 BC-AD 24), imperial envoy Zhang Qian was sent to Central Asia twice to open the door to friendly contacts between China and Central Asian countries as well as the transcontinental Silk Road linking East and West, Asia and Europe."
B01-02,B01,"Kazakhstan, as a major stop along the ancient Silk Road, has made important contributions to the exchanges and cooperation between different nationalities and cultures."
B01-03,B01,People in regional countries created the history of friendship along the ancient Silk Road through the ages.
B01-04,B01,"the 2,000-plus-year history of exchanges had proved that countries with differences in race, belief and cultural background can absolutely share peace and development"
B01-05,B01,the ancient Silk Road is becoming full of new vitality with the rapid development of China's relations with Asian and European countries.
B01-06,B01,He proposed to join hands building a Silk Road economic belt with innovative cooperation mode and to make it a grand cause benefiting people in regional countries along the route.
B01-07,B01,"To open up the transportation channel from the Pacific to the Baltic Sea and to gradually form a transportation network that connects East Asia, West Asia, and South Asia."
B01-08,B01,"Fifth, to strengthen people-to-people exchanges. All the parties should strengthen the friendly exchanges between their peoples to promote understanding and friendship with each other."
B01-09,B01,"Kazakhstan is willing to strengthen economic, transportation, people-to-people and cultural connectivity with China, to jointly build a new Silk Road."
B02-01,B02,"More than two millennia ago the diligent and courageous people of Eurasia explored and opened up several routes of trade and cultural exchanges that linked the major civilizations of Asia, Europe and Africa, collectively called the Silk Road by later generations."
B02-02,B02,"Symbolizing communication and cooperation between the East and the West, the Silk Road Spirit is a historic and cultural heritage shared by all countries around the world."
B02-03,B02,"The Chinese government has drafted and published the Vision and Actions on Jointly Building Silk Road Economic Belt and 21st-Century Maritime Silk Road to promote the implementation of the Initiative, instill vigor and vitality into the ancient Silk Road"
B02-04,B02,"The Silk Road Economic Belt focuses on bringing together China, Central Asia, Russia and Europe (the Baltic); linking China with the Persian Gulf and the Mediterranean Sea through Central Asia and West Asia; and connecting China with Southeast Asia, South Asia and the Indian Ocean."
B02-05,B02,"On land, the Initiative will focus on jointly building a new Eurasian Land Bridge and developing China-Mongolia-Russia, China-Central Asia-West Asia and China-Indochina Peninsula economic corridors"
B02-06,B02,"countries along the Belt and Road should improve the connectivity of their infrastructure construction plans and technical standard systems, jointly push forward the construction of international trunk passageways, and form an infrastructure network connecting all sub-regions in Asia, and between Asia, Europe and Africa step by step."
B02-07,B02,"We should expand and build platforms and mechanisms for comprehensive civil aviation cooperation, and quicken our pace in improving aviation infrastructure."
B02-08,B02,"We should hold culture years, arts festivals, film festivals, TV weeks and book fairs in each other's countries; cooperate on the production and translation of fine films, radio and TV programs; and jointly apply for and protect World Cultural Heritage sites."
B02-09,B02,We should enhance cooperation in and expand the scale of tourism; hold tourism promotion weeks and publicity months in each other's countries; jointly create competitive international tourist routes and products with Silk Road features; and make it more convenient to apply for tourist visa in countries along the Belt and Road.
B02-10,B02,We should push forward cooperation on the 21st-Century Maritime Silk Road cruise tourism program.
B02-11,B02,"We should support the local authorities and general public of countries along the Belt and Road to explore the historical and cultural heritage of the Belt and Road, jointly hold investment, trade and cultural exchange activities, and ensure the success of the Silk Road (Dunhuang) International Culture Expo, Silk Road International Film Festival and Silk Road International Book Fair."
B02-12,B02,"make it a key transportation, trade, logistics, culture, science and education center, and a core area on the Silk Road Economic Belt."
B02-13,B02,"build Xi'an into a new focus of reform and opening-up in China's interior, speed up the development and opening-up of cities such as Lanzhou and Xining"
B02-14,B02,support Fujian Province in becoming a core area of the 21st-Century Maritime Silk Road.
B02-15,B02,further open Hainan Province as an international tourism island.
B02-16,B02,"We should set up coordination mechanisms in terms of railway transport and port customs clearance for the China-Europe corridor, cultivate the brand of ""China-Europe freight trains,"""
B02-17,B02,"encourage Chinese enterprises to participate in infrastructure construction in other countries along the Belt and Road, and make industrial investments there. We support localized operation and management of Chinese companies to boost the local economy, increase local employment, improve local livelihood"
B02-18,B02,"We will encourage bank card clearing institutions to conduct cross-border clearing operations, and payment institutions to conduct cross-border payment business."
B02-19,B02,"Though proposed by China, the Belt and Road Initiative is a common aspiration of all countries along their routes."
B02-20,B02,the people of countries along the Belt and Road can all benefit from this Initiative.
B03-01,B03,Çin Ulusal Turizm İdaresi öncülüğünde düzenlenen “Güzel Çin – Deniz İpek Yolu” temalı tanıtım etkinliği Kanada'nın Vancouver kentinde başladı
B03-02,B03,"Çin'in Şanghay, Jiangsu, Fujian, Guangdong, Zhejiang, Guangxi, Hainan gibi Deniz İpek Yolu güzergâhı üzerindeki eyalet ve kentleri"
B03-03,B03,Bu iki yönlü artışın olumlu ivmesinin sürmesini umuyor ve buna inanıyoruz
B03-04,B03,"2016, Çin İpek Yolu Turizm Yılı'dır"
B03-05,B03,Antik Deniz İpek Yolu Çin'de doğmuştur; bugün burada yeniden yeni bir canlılık ve dinamizm parlıyor
B03-06,B03,"Tanıtım toplantısında konuklar, tanıtım filmleri ve profesyonel sunumlar aracılığıyla Deniz İpek Yolu güzergâhındaki zengin turizm kaynaklarını, çeşitli turizm ürünlerini, olgun ağırlama sistemini ve misafirperver halkı yakından tanıdı."
B03-07,B03,Büro ayrıca yerel büyük tur toptancılarıyla birlikte “Deniz İpek Yolu” rotaları ve özel ürünler için bir tanıtım kampanyası yürüttü
B04-01,B04,"İpek Yolu ruhunu sürdürmek, medeniyetlerin karşılıklı öğrenmesini teşvik etmek, yakınlık-samimiyet-fayda-kapsayıcılığı ve halkların gönül bağını gerçekleştirmek, Çin kültürünün “dışa açılmasını” ilerletmek, Çin kültürünün uluslararası etkisini genişletmek"
B04-02,B04,"Çevreye dayanan, “Kuşak ve Yol”a ışıyan, küresele yönelen işbirliği anlayışını sürdürerek kültürel kaynaşmanın ortak kader topluluğunu inşa etmek."
B04-03,B04,"“Kuşak ve Yol” güzergâhındaki ülke ve bölgelerde Çin kültür merkezlerinin kurulmasını hızlandırmak, düzenli ve işlevsel bir tesis ağı oluşturmak."
B04-04,B04,"Tanınmış kültürel değişim ve işbirliği markaları yaratmak, “Mutlu Bahar Bayramı” markasının güzergâh ülkelerindeki etkisini genişletmeye devam etmek, “İpek Yolu Kültür Yolculuğu”, “İpek Yolu Kültür Elçileri” gibi büyük kültürel değişim marka etkinliklerinin taşıyıcı rolünü tam olarak kullanmak."
B04-05,B04,Güzergâh ülke ve bölgeleriyle kültürel miras koruma ve Dünya Mirası başvurusu gibi alanlarda uzun vadeli işbirliği mekanizmaları kurmak.
B04-06,B04,"“İpek Yolu Uluslararası Tiyatrolar Birliği”, “İpek Yolu Uluslararası Kütüphaneler Birliği”, “İpek Yolu Uluslararası Müzeler Birliği”nin kurulmasını ilerletmek"
B04-07,B04,"Öncelikle Myanmar, Malezya, Endonezya, Vietnam, Macaristan, Romanya, Bulgaristan, Kazakistan, Belarus, Sırbistan, Letonya, Türkmenistan, İsrail gibi “Kuşak ve Yol” güzergâhı ülkelerinde Çin kültür merkezleri kurmak."
B04-08,B04,"“Çin Sincan Uluslararası Halk Dansları Festivali”, “İpek Yolu Uluslararası Sanat Festivali”, “Deniz İpek Yolu Uluslararası Sanat Festivali”, “İpek Yolu (Dunhuang) Uluslararası Kültür Fuarı”, “Xiamen Uluslararası Okyanus Haftası”, “Çin Deniz Kültürü Festivali” gibi etkinlikleri uluslararası değişim ve işbirliği platformlarına dönüştürmek"
B04-09,B04,Mazu kültürünün temsil ettiği deniz kültürünü tam olarak dikkate alıp kapsayarak 21. Yüzyıl Deniz İpek Yolu kültürel bağını inşa etmek.
B04-10,B04,"“Kuşak ve Yol” güzergâhı ülke ve bölgeleriyle aynı kökenli ve paylaşılan somut olmayan kültürel mirasın ortak korunması, araştırılması, personel eğitimi, proje değişimi ve ortak başvurusunu aktif olarak araştırmak."
B04-11,B04,"“İpek Yolu Kültür Yolculuğu” markasını oluşturmak, 2020'ye kadar “Kuşak ve Yol” güzergâhı ülke ve bölgeleriyle kültürel değişim ölçeğini 30 bin kişiye ulaştırmak"
B04-12,B04,Güzergâh ülke ve bölgeleriyle birlikte “İpek Yolu” kültür turizmi seçkin rotalarını ve ilgili kültürel-yaratıcı ürünleri ortaklaşa geliştirmek.
B04-13,B04,Deniz İpek Yolu'nun Dünya Mirası başvurusunu ve Dünya Kültür Mirası “İpek Yolları: Chang'an-Tianshan Koridoru Yol Ağı”nın genişletme projesini ilerletmek.
B04-14,B04,Yurt içi “İpek Yolu Kültür Endüstrisi Kuşağı”nın inşasını hızlandırmak.
B04-15,B04,"Yurt içi “Kuşak ve Yol” güzergâhındaki kültür işletmelerinin bölgeler arası faaliyetini teşvik etmek, kültür turizminde karşılıklı olarak hem varış noktası hem kaynak pazar olmayı sağlamak, temsil gücü yüksek özgün kültürel ürün üretim ve satış üsleri kurmak."
B04-16,B04,Yurt içi “Kuşak ve Yol” güzergâhı bölgelerindeki uygun kentleri kültürel tüketimi genişletme pilot kapsamına almak
B04-17,B04,"“İnternet + Çin Medeniyeti” ve “Kültür Varlıkları Size Çin'i Gösteriyor” projelerini ilerletmek, “Kuşak ve Yol” kültürel mirasının turizm, film-televizyon, yayıncılık, animasyon, oyun, mimarlık, tasarım gibi endüstrilerle bütünleşme derecesini artırmak"
B04-18,B04,"Ulusal kültür markalarını tanıtmak, kültür işletmelerinin “Kuşak ve Yol” güzergâhı ülke ve bölgelerinde yatırım yapmasını teşvik etmek."
B04-19,B04,"Yurt içinde düzenlenen uluslararası kültür fuarlarında “Kuşak ve Yol” özel pavyonları veya alanları açmak, yurt içi kültür işletmelerinin güzergâh ülke ve bölgelerindeki tanınmış kültür fuarlarına katılımını desteklemek."
B05-01,B05,"Kültür ve Turizm Bakanlığı, 2018 yılında Çin Halk Cumhuriyeti’nde kutlanacak olan “Türkiye Turizm Yılı” hazırlıklarını sürdürüyor."
B05-02,B05,Türkiye’nin çeşitli etkinliklerle tanıtılacağı Çin’de gerçekleştirilecek tanıtım faaliyetlerini ve bu faaliyetlere ilişkin alt yapısal sorunları tartışarak çözüm önerileri üretmek üzere sektör ve sivil toplumun katılımıyla İstanbul’da bir toplantı düzenlendi.
B05-03,B05,"Çin’de faaliyet gösteren seyahat acentalar ile tur operatörlerinin de yer aldığı toplantının diğer katılımcıları ise TÜRSAB, TÜROB, TYD, TUREB, THY ile DEİK oldu."
B06-01,B06,"Daha iki bin yıldan fazla önce antik İpek Yolu, Çin ile Orta Asya ülkelerinin halklarını sıkıca birbirine bağlamıştı."
B06-02,B06,Çin ile Orta Asya'nın beş ülkesi birçok kez karşılıklı “kültür günleri” ve “kültür festivalleri” düzenleyerek her birinin geleneksel kültür birikimini ve çağdaş kültürel gelişme başarılarını sergiledi
B06-03,B06,Çin ve Orta Asya ülkelerinin kültür markalarının etkisini birlikte artırmak
B06-04,B06,Son yıllarda Çin tarafı Orta Asya ülkelerini art arda Çin Uluslararası Turizm Fuarı'na davet etti ve Orta Asya ülkelerinde düzenlenen uluslararası turizm fuarlarına aktif olarak katıldı; turizm kurumları arasındaki değişim ve işbirliğini sürekli güçlendirerek turizm kaynaklarının karşılıklı tanıtımını teşvik etti.
B06-05,B06,"Çin ile Orta Asya ülkeleri arasındaki turizm işbirliği belirgin özelliklere sahip, tamamlayıcılığı güçlü ve beklentileri çok geniştir."
B07-01,B07,"Xi’an, known as Chang’an in ancient times, is an important cradle of the Chinese civilization and nation. It is also the starting point of the ancient Silk Road on the east end."
B07-02,B07,"Over 2,100 years ago, Zhang Qian, a Han Dynasty envoy, made his journey to the West from Chang’an, opening the door to the friendship and exchanges between China and Central Asia."
B07-03,B07,"With their joint endeavor of hundreds of years, Chinese and Central Asian peoples made the Silk Road expand and prosper"
B07-04,B07,"Back in 2013, I put forward the initiative of jointly building a Silk Road Economic Belt during my first visit to Central Asia as Chinese president."
B07-05,B07,"Over the past decade, China and Central Asian countries have worked closely together to fully revive the Silk Road"
B07-06,B07,"The China-Kyrgyzstan-Uzbekistan highway that runs across the Tianshan Mountain, the China-Tajikistan expressway that defies the Pamir Plateau, and the China-Kazakhstan crude oil pipeline and the China-Central Asia Gas Pipeline that traverse the vast desert — they are the present-day Silk Road."
B07-07,B07,"The China-Europe Railway Express operating around the clock, the endless streams of freight trucks, and crisscrossing flights — they are the present-day camel caravans."
B07-08,B07,"Central Asia, the center of the Eurasian continent, is at a crossroads connecting the East and West, the South and North."
B07-09,B07,"Blessed with unique geographical advantages, Central Asia has the right foundation, condition and capability to become an important connectivity hub of Eurasia"
B07-10,B07,"China will strive to increase the volume of cross-border cargo transportation, support the development of the trans-Caspian international transport corridor"
B07-11,B07,"China will seek to modernize the existing border ports at a faster pace, open a new border port at Biedieli, promote the opening of the air transportation market, and build a regional logistics network."
B07-12,B07,"China will also step up the development of China-Europe Railway Express assembly centers, encourage capable enterprises to build overseas warehouses in Central Asian countries, and build a comprehensive digital service platform."
B07-13,B07,China invites Central Asian countries to take part in the “Cultural Silk Road” program
B07-14,B07,"We will launch the “China-Central Asia Cultural and Tourism Capital” program, and open special train services for cultural tourism in Central Asia."
B08-01,B08,"“İpek Yolu'nun başlangıç noktası, Toprak Askerlerin memleketi” kültür-turizm tanıtım etkinliği Moğolistan'da düzenlendi"
B08-02,B08,Yerel halkın İpek Yolu'nun kaynağının eşsiz cazibedeki halk geleneklerini ve kültürel zanaatlarını derinden hissetmesini ve Shaanxi penceresinden Çin'in derin kültürel birikimini ve renkli turizm kaynaklarını keşfetmesini sağladı.
B08-03,B08,"Shaanxi ile Moğolistan arasındaki kültürel değişimi daha da güçlendirdi, Çin ve Moğolistan halklarının karşılıklı anlayışını artırmaya daha fazla katkı sağladı."
B09-01,B09,"Çin, İpek Yolu güzergâhındaki ülkelerle “barış ve işbirliği, açıklık ve kapsayıcılık, karşılıklı öğrenme, karşılıklı yarar ve kazan-kazan” İpek Yolu ruhunu sürdürerek turizm alanında sürekli yenilik yapıyor ve çok yönlü etkileşimli bir değişim-işbirliği düzenini birlikte kuruyor"
B09-02,B09,26 ülkeden 58 kent Porselen Başkenti'nde buluşarak İpek Yolu ruhunu birlikte sürdürdü ve turizm işbirliğini ve kalkınmayı birlikte planladı.
B09-03,B09,"İpek Yolu Turizm Kentleri Birliği kapsayıcı işbirliğine dayalı, karşılıklı yararlı ve kazan-kazan uluslararası bir turizm işbirliği mekanizması kurmaya kendini adamıştır"
B09-04,B09,“Çin'in İpek Yolu Turizm Kentleri Birliği'ni kurması takdire şayandır.”
B09-05,B09,"İpek Yolu adlı bu IP (fikri mülk) etrafında birlik, üye kentlerin turizm ekonomisine canlılık katacak"
B09-06,B09,"Jiangxi, İpek Yolu üzerinde önemli bir mal ihraç merkeziydi; porselen ve çay gibi ürünler İpek Yolu güzergâhındaki ülkelerde her zaman çok satan “gözde ürünler” olmuştur."
B09-07,B09,"Jiangxi, Jingdezhen'in İpek Yolu Turizm Kentleri Birliği'nin ilk başkan kenti olarak sorumluluk ve yükümlülüklerini daha da pekiştirecek"
B09-08,B09,"Güzergâh ülke ve bölgeleriyle turizm değişimini ve işbirliğini güçlendirmek, İpek Yolu turizm markasını birlikte yaratmak, İpek Yolu turizm pazarını paylaşmak, İpek Yolu turizm endüstrisi topluluğunu birlikte kurmak"
B09-09,B09,"Turizm işbirliğiyle altyapının ‘sert bağlantısını’ ve kural-standartların ‘yumuşak bağlantısını’ teşvik etmek, güzergâh ülke ve bölgelerinin halklarının ‘gönül bağlantısını’ derinleştirmek."
B09-10,B09,"Eylem planı yayımlamak, kapsamlı web sitesi kurmak, İpek Yolu fonu oluşturmak, kapsamlı turizm haritası çizmek, İpek Yolu turizm başkentini seçmek"
B09-11,B09,"“Deniz İpek Yolu”nun doğudaki çıkış limanlarından biri olan Zhejiang Ningbo'da Qing'an Loncası, Yongfeng Deposu kalıntıları, Tianfei Tapınağı kalıntıları gibi Deniz İpek Yolu ile ilgili kültürel kalıntılar giderek daha fazla turistin uğrak noktası oldu."
B09-12,B09,"Ningbo, “Kuşak ve Yol” güzergâhı ülke ve bölgeleriyle kültür-turizm değişimini ve işbirliğini güçlendirecek, İpek Yolu turizm markasını birlikte yaratacak, İpek Yolu turizm pazarını paylaşacak, İpek Yolu turizm endüstrisi topluluğunu birlikte kuracak."
B09-13,B09,"Jingdezhen, İpek Yolu'nun başlıca başlangıç kenti ve önemli mal kaynağıdır; Çin'in seçkin geleneksel kültürünü aktaran ve dünya medeniyetlerinin değişimini ve karşılıklı öğrenmesini teşvik eden önemli bir köprüdür."
B09-14,B09,İpek Yolu'nun dünyayı birbirine bağlayan bir bağ olduğunu bir kez daha kanıtladı
B09-15,B09,"Birlik kentlerinin idari birimleri, sektör dernekleri ve işletmeleri arasında çok yönlü işbirliğini teşvik ederek İpek Yolu özelliklerine sahip uluslararası seçkin turizm rotaları oluşturmak"
B10-01,B10,"Bolat, ticarette de Çin'den başlayan İpek Yolu'nun Türkiye üzerinden Avrupa'ya ulaşmasında Türk Cumhuriyetlerinin önemli bir koridor olduğunu kaydederek, ""Buna Orta Koridor diyoruz."
B10-02,B10,"Tabii, tarihten bu yana böyle. İpek Yolu yüzyıllar önce vardı, yine var olmaya devam edecek."
B10-03,B10,"Buradaki en önemli rolümüz Türkiye bir kavşak ülke. Tedarik ve üretim ülkesi Türkiye, aynı zamanda transit ve kavşak ülke konumunda. Her yol Türkiye'den geçiyor."
B11-01,B11,"Over two millennia ago, inspired by a sincere wish for friendship, our ancestors travelled across grasslands and deserts to create a land Silk Road connecting Asia, Europe and Africa, leading the world into an era of extensive cultural exchanges."
B11-02,B11,"More than 1,000 years ago, our ancestors set sail and braved the waves to open a maritime Silk Road linking the East and the West, beginning a new phase of closer communication among peoples."
B11-03,B11,"In the 1980s, the United Nations and some countries began to envisage the Eurasian Land Bridge, the Silk Road Initiative, and other plans, reflecting a common wish to engage in communication and cooperation."
B11-04,B11,The Belt and Road Initiative is a creative development that takes on and carries forward the spirit of the ancient silk routes – two of the great achievements in human history and civilization.
B11-05,B11,"They connected the birthplaces of the Egyptian, Babylonian, Indian and Chinese civilizations, the lands of the believers of Buddhism, Christianity and Islam, and the homes of peoples of different nationalities and races."
B11-06,B11,The Silk Road spirit is consistent with the ideal of “all states joining together in harmony and peace” long upheld by the Chinese nation
B11-07,B11,"Enlightened by history, we will continue to move forward and integrate the Chinese Dream with the world’s dreams"
B11-08,B11,"the BRI is not a solo endeavor by China, but a collaborative effort involving all stakeholders."
B11-09,B11,"At the bilateral level, the BRI has succeeded in coordinating with a wide range of strategies and initiatives, including Russia’s Eurasian Economic Union framework, Kazakhstan’s Bright Road economic policy, Turkmenistan’s strategy of reviving the Silk Road, Mongolia’s Steppe Road plan"
B11-10,B11,"Along the China-Central Asia-West Asia Economic Corridor, the China-Kyrgyzstan-Uzbekistan Highway is in full operation."
B11-11,B11,China has signed bilateral air transport agreements with 104 BRI partner countries and opened direct flights with 57 partner countries to facilitate cross-border transport.
B11-12,B11,"These channels include the China-Europe Railway Express, the China-Europe Land-Sea Express Line, the New International Land-Sea Trade Corridor, and the Lianyungang-Khorgos New Eurasian Land-Sea Expressway."
B11-13,B11,"The China-Europe Railway Express has now reached more than 200 cities in 25 European countries, comprising 86 routes passing through the main regions of the Eurasian hinterland at a speed of 120 km per hour."
B11-14,B11,"The participating countries have passed on and carried forward the spirit of friendly cooperation of the ancient Silk Road, cooperated on exchanges in culture, tourism, education, think tank and the media"
B11-15,B11,"By the end of June 2023, China had signed cultural and tourism cooperation documents with 144 BRI partner countries."
B11-16,B11,"China has created cooperation platforms together with participating countries, including the Silk Road International League of Theaters, the Silk Road International Museum Alliance, the Network of Silk Road Arts Festivals"
B11-17,B11,"China has launched the Cultural Silk Road program, and organized signature events such as the Happy Chinese New Year celebrations, the Nihao China tourism promotions, and the Silk Road: Artists’ Rendezvous art exhibition."
B11-18,B11,"It has worked with Brunei, Cambodia, Greece, Italy, Malaysia, Russia and ASEAN to co-host cultural and tourism activities at designated years."
B11-19,B11,"China has established 46 China cultural centers in 44 countries, of which 32 are partner countries. China has established 20 tourism offices in 18 countries, eight of which are in partner countries."
B11-20,B11,"Cities from 60-plus BRI partner countries have formed more than 1,000 pairs of friendly cities with their Chinese counterparts."
B11-21,B11,"Silk Road E-commerce is an important means by which China can capitalize on its strengths in e-commerce technology application, model innovation and market size, expand economic and trade cooperation, and share the opportunities of digital development with BRI participants."
B11-22,B11,"It has promoted transport, investment, logistics and tourism, and injected new impetus into the economic development of Laos and areas along the line."
B11-23,B11,"China, Kyrgyzstan, Iran and other Central and West Asian countries jointly launched the Alliance for Cultural Heritage in Asia – the first international cooperation mechanism regarding Asian cultural heritage – to protect cultural heritage, the tangible carriers of civilization."
B11-24,B11,"Examples include the Silk Road (Dunhuang) International Cultural Expo, the Belt and Road/Great Wall International Folk Culture and Arts Festival, the Silk Road International Arts Festival, the Maritime Silk Road International Arts Festival, the Belt and Road Youth Story, and the Tea Road Cultural Tourism Expo."
B11-25,B11,This reinforces the sense of identity and belonging of the peoples of all BRI participating countries.
B11-26,B11,The Belt and Road Initiative has given new life to a history of cultural exchanges that dates back more than two millennia
B12-01,B12,"“Kuşak ve Yol”u birlikte inşa eden ülke ve bölgelerin kültürel değişim ve işbirliği yürüttüğü, halkların gönül bağını artırdığı, İpek Yolu ruhunu sürdürüp yücelttiği önemli bir platform haline gelmiştir."
B12-02,B12,"Shaanxi, Çin medeniyetinin önemli bir doğuş yeri ve antik İpek Yolu'nun başlangıç noktası olarak, binlerce yıllık tarihî değişimler içinde Doğu ile Batı'nın farklı medeniyetlerinin karşılaşmasına ve kaynaşmasına tanıklık etmiştir."
B12-03,B12,"Çin'in hikâyesini iyi anlatmak, kültürel uzlaşıyı pekiştirmek, Çin kültürünün yayılma gücünü ve etkisini artırmak için"
B13-01,B13,Bu kurultayın teması “Gansu: İpek Yolu üzerinde dünya gezginlerinin hayal diyarı”dır
B13-02,B13,"Bu süreçte Gansu kültür-turizm kaynaklarının tanıtımı ve seçkin turizm ürünlerinin pazarlanması, konuk açılış konuşmaları, üst düzey diyaloglar, seyahat acentesi satın alma görüşmeleri, sözleşme ve ödül törenleri, yabancı sosyal medya fenomenlerinin görevlendirilmesi, İpek Yolu seçkin rotalarında inceleme gezileri gibi etkinlikler de düzenlenecek"
B13-03,B13,Gansu'nun kaliteli kültür-turizm kaynaklarını ve iyi turizm imajını her yönüyle sergileyerek Gansu'nun gelen turizm pazarının hızla gelişip canlanmasını daha da ilerletmek.
B14-01,B14,"Şu anda yalnızca 4 saatlik uçuş mesafesiyle 67 ülkeye ve yaklaşık 1,5 milyar insana doğrudan erişim sağlayan bir ülkenin misafirisiniz. Ekonomik bakımdan toplam 51 trilyon doları aşan gayrisafi yurtiçi hasılaya sahip bir coğrafyanın tam merkezinde yer alıyorsunuz."
B14-02,B14,"Sanayiden ihracata, turizmden lojistik hizmetlerine kadar birçok sektör bu yatırımlardan olumlu etkilendi."
B14-03,B14,"Çin'den Avrupa'ya kadar uzanan ve 21 ülkeyi demir yolu ağıyla birbirine bağlayan Orta Koridor, deniz yoluna kıyasla 2 kat daha hızlı, hava yoluna göre ise yaklaşık 4 kat daha ekonomik taşıma imkânı sunuyor."
B14-04,B14,Adeta tarihî İpek Yolu'nu yeniden hizmete alıyoruz.
B14-05,B14,Orta Koridor'un bel kemiğini teşkil eden Bakü-Tiflis-Kars Demiryolu Hattı'nı da faaliyete geçirdik.
B14-06,B14,"Bu muazzam projenin daha da geliştirilmesini, gerek ikili, gerek Türk Devletleri Teşkilatı gibi platformlarda ele almaya devam ediyoruz."
B14-07,B14,Tüm bu girişimlerimizin yanı sıra Orta Koridor'u Çin Halk Cumhuriyeti'nin kuşak ve yol girişimiyle uyumlaştırmaya yönelik çalışmalarımız sürüyor.
B14-08,B14,"Süveyş üzerinden yapılan taşımalar ortalama 35 gün, Ümit Burnu'ndan yapılan taşımalar yaklaşık 45 gün sürerken Orta Koridor'da yatırımlarımız tamamlandığında bu süre 15 günün altına inecek."
B14-09,B14,Orta Koridor için yapımına devam ettiğimiz ve planladığımız projelerimizi hayata geçirdiğimizde toplam 114 milyar dolarlık üretim etkisi ve yıllık ortalama 144 bin kişiye istihdam sağlayacağımızı öngörüyoruz.
B15-01,B15,“İpek Yolu dünyayı birbirine bağlıyor · Kültür-turizm geleceğini birlikte yaratalım” temalı 2026 Xi'an İpek Yolu Uluslararası Turizm Fuarı Xi'an Uluslararası Kongre ve Sergi Merkezi'nde düzenlendi
B15-02,B15,"Etiyopya onur konuğu ülke olarak yer aldı; Uruguay, Singapur, Almanya gibi 19 ülke ve bölge ile Afrika Birliği gibi uluslararası kuruluşlar uluslararası değişim sergi alanında bir araya geldi"
B15-03,B15,"Shaanxi'deki 22 roadshow satış noktasıyla birlikte eş zamanlı olarak turistik yer bileti indirimleri, otel ve pansiyon indirimleri, kültür-turizm ürünlerinde özel fiyatlar gibi kampanyalar başlattı"
B15-04,B15,"İpek Yolu kültür-turizm kaynaklarının paylaşılmasını, pazarın birlikte genişletilmesini, markanın birlikte inşasını teşvik etmek"
B16-01,B16,"The group participating in the East-West Friendship and Silk Road Rally, which set out from Germany on April 27 with the contributions of the Ministry of Foreign Affairs’ Directorate for EU Affairs, the Ministry of Culture and Tourism’s Türkiye Tourism Promotion and Development Agency"
B17-01,B17,"Kültürel mirasımızın en önemli unsurlarından ve çoğu doğaya, çevresel etkenlere yenik düşmüş olan han ve kervansarayların korunması, bir koruma kullanma dengesi içerisinde yaşatılarak “Tarihi ıpek Yolu”nun canlandırılması planlanmıştır."
B17-02,B17,"Bu yol, Orta Asya'yı Avrupa'ya bağlayan bir ticaret yolu olmasının ötesinde, 2000 yıldır bölgede yaşayan kültürlerin, dinlerin, ırkların da izlerini taşımaktadır."
B17-03,B17,"Orta Asya Türk Cumhuriyetleri'nin de bağımsızlıklarını kazanmalarından sonra, ıpek Yolu 'nun hem bir ticaret yolu, hem de tarihsel ve kültürel değer olarak yeniden canlandırılması gündeme gelmiştir."
B17-04,B17,"Bu nedenle, ilk etapta ana tur güzergahları ile çakışan ıpek Yolu üzerinde değerlendirilmesi düşünülen, han ve kervansaraylara ilişkin ön etüdler yapılmış ve 11 adet kervansaray belirlenmiştir."
B18-01,B18,Traces of the Silk Road: A 3-Day Journey Through the Heart of Anatolia
B18-02,B18,"As you explore Ottoman and Seljuk heritage, you’ll feel the warmth of traditional life and the heartfelt spirit of Anatolia."
B18-03,B18,Ayaş has long been one of the most important stopovers along the Silk Road.
B18-04,B18,"Located at the crossroads of historic caravan routes between Ankara and Bolu, the district of Nallıhan served as an important stop along the Silk Road for centuries."
B18-05,B18,"Nallıhan is a distinctive destination where history, nature, and local life come together—an essential stop for anyone tracing the legacy of the Silk Road across Anatolia."
B18-06,B18,"Today, the restored Kocahan stands as one of the key structures that bring to life the atmosphere of Ottoman commercial culture and offer a tangible glimpse into the Silk Road heritage."
B18-07,B18,the mosque formed an essential component of the Ottoman lodging and trade system along the Silk Road.
B18-08,B18,"Located along the old Istanbul–Ankara road, it once served as an important Silk Road stop."
B19-01,B19,Türkiye will implement a visa-free entry policy for holders of valid ordinary passports of the People’s Republic of China starting from 2 January 2026.
B19-02,B19,"This visa-free policy does not apply to travel for employment, study, business activities, long-term residence, or any other purposes beyond tourism or transit."
B20-01,B20,Orta Asya’daki göçebe Türk boylarının geleneksel yaşam biçiminden esinlenerek Selçuklu Dönemi kültür ve mimarisinde önemli bir yer tutmuş olan kervansaraylar ve hanlar en çok bu dönemde çeşitlenmiş ve Anadolu mimarisini de etkilemiştir.
B20-02,B20,Ülkemizin sınırları dışında Asya’ya da uzanan bu güzergah üzerinde yer alan kervansaray ve hanlar Denizli-Doğubayazıt kervan yolu örneklenerek UNESCO Dünya Miras Listesi’ne aday gösterilmektedir.
B21-01,B21,"Coğrafi konumu nedeniyle, eski çağlardan beri doğu ile batı arasında bir köprü işlevi gören Anadolu, İpek Yolunu en önemli kavşak noktalarından biri olmuştur."
B21-02,B21,"Orta Çağ’da, İpek Yolları Çin’den başlayıp Orta Asya’da birden fazla güzergahı izleyerek ve Anadolu’yu geçerek Trakya üzerinden Avrupa’ya uzanmıştır."
B21-03,B21,"Selçuklular, Anadolu’daki ticari faaliyetleri canlı tutmak, güvenliği sağlamak amacıyla önlemler almışlar ve bu yollar üzerinde hanlar (kervansaraylar) inşa etmişlerdir."
B21-04,B21,"Bakanlığımızın, turizmin ülke sathına ve tüm yıla yaygınlaştırılması politikası çerçevesinde yürüttüğü çalışmalardan birisi olan “İpek Yolu Projesi” ile, kültürel mirasımızın en önemli unsurlarından olan"
B21-05,B21,"Bu protokol ile, Vakıflar Genel Müdürlüğü tarafından idare edilen eski eser nitelikli hanların (kervansaraylar), adı geçen Genel Müdürlük tarafından 2886 sayılı Devlet İhale Kanunu'na göre ve Bakanlığımız işbirliği ile ihale edilerek, restore et-işlet-devret modeli çerçevesinde turizme kazandırılmaları hedeflenmiştir."
B22-01,B22,"Transportation of silk and spice of east via caravans, is formed the commercial roads reaching to Europe from China."
B22-02,B22,"In Medieval Age, commercial caravans, had started to their voyages from today's Chinese Xian city"
B22-03,B22,"Silk Road, beyond being a commercial road connecting Asia to Europe, is holding the signs of cultures, religions and races, who lived in the region for 2000 years, and serves an extraordinary history and cultural wealth."
B22-04,B22,"After gaining of independence of Middle Asia Turkish Republics, re - animation of silk road both as a commercial road and also a historical and cultural value is considered"
B22-05,B22,"Anatolia, due to its geographic location, is functioned as a gate and bridge between west and east"
B22-06,B22,"Anatolia, is formed one of the most important junction points of Silk Road."
B22-07,B22,"Seljukians were the first state that used ""state insurance system"" for securing the commercial life"
B23-01,B23,"Bir zamanlar ipek, baharat, bal, cam, fildişi, kıymetli taşlar, kürk, tahıl ve yağ gibi ürünlerin kervanlarla Çin’den başlayıp Kırgızistan, Özbekistan, Türkmenistan ve İran üzerinden taşınarak İstanbul vasıtasıyla Avrupa’ya ulaştırılmasında kullanılan tarihi rota, İpek Yolu olarak anılıyor."
B23-02,B23,"Günümüzde güzergâh konusunda çeşitli söylemler olsa da, Çin, Pamir Platosu, Afganistan, İran, Gaziantep, Antakya Limanı ve İtalya ana rotanın omurgasını oluşturmaktadır."
B23-03,B23,Kayseri kent merkezinde konaklayarak iki gün içerisinde üç kervansarayı da gezebilirsiniz.
B24-01,B24,The Trans-Caspian East-West-Middle Corridor (Middle Corridor) is one of the most important components of the project to revitalize the ancient Silk Road.
B24-02,B24,"It starts from China and extends to Central Asia via rail and road connections, then to Türkiye through Kazakhstan/Turkmenistan route, using the Trans-Caspian Sea route, followed by Azerbaijan and Georgia, and then to Europe via Türkiye."
B24-03,B24,"With 96% of the approximately 10 million containers moving from China to Europe in a year being shipped by sea, the Middle Corridor is an important alternative transportation route, especially for landlocked countries."
B24-04,B24,"As a trade route between Europe and Asia, the Middle Corridor is faster, more economical, safer, 2,000 km shorter and more favorable in terms of climatic conditions than the Northern Corridor, reducing the transportation time between China and Europe to 18 days."
B24-05,B24,The “Caravansarai Project” for inter-customs cooperation in the context of the “Middle Corridor” connecting Türkiye to China via Central Asia
B24-06,B24,"The Middle Corridor also offers important opportunities for Asian freight traffic to reach the Middle East, North Africa and the Mediterranean region thanks to Türkiye's port connections."
B24-07,B24,The use of BTK in a way that reflects its potential will provide serious economic opportunities for the countries in the region from the East-West trade.
B24-08,B24,promoting the great potential of Türkiye in the field of connectivity
B24-09,B24,"Under the umbrella of the Organization of Turkic States, the “Agreement on International Combined Freight Transport” between the member countries was signed in Samarkand on 11 November 2022."
B24-10,B24,"The Middle Corridor initiative, envisaging the revival of the ancient Silk Road, creates a natural synergy with the Belt and Road Initiative of the People’s Republic of China (PRC), which aims at developing connectivity between East and West."
B24-11,B24,"In this framework, Türkiye supports the Belt and Road Initiative (BRI) on the basis of “win-win” principle."
B24-12,B24,"""Memorandum of Understanding between the Government of the Republic of Türkiye and the Government of the People's Republic of China on the Harmonization of the Silk Road Economic Belt and the 21st Century Maritime Silk Road and the Middle Corridor Initiative"" was signed in Antalya on 14 November 2015"
B24-13,B24,"Within the framework of the Belt and Road Initiative, Trans-Caspian China Railway Express Chang’an Train, the first freight train reaching Türkiye (6 November 2019, in Ankara), completed its journey from Xi’an, China to Prague, Czechia in 18 days, by using the Middle Corridor and Türkiye’s transport infrastructure, including BTK railway and the Marmaray."
B24-14,B24,Harmonization of the Middle Corridor with the PRC's Belt and Road Initiative and synergy with the Development Road Project will connect a wider geography.
