belge,birim_no,arena,yonelim,taraf,neg,alt_kod,alinti,ceviri_tr,gerekce
A01,1,A2,İB,ORT,,işbirliği-listesi (turizm+ulaştırma),扩大两国议会、政党、地方政府间的友好交流，推动投资、能源、教育、文化、体育、旅游、新闻、安全、国防和交通等领域的友好合作。,"İki ülke parlamentoları, siyasi partileri ve yerel yönetimleri arasındaki dostane mübadeleyi genişletmek; yatırım, enerji, eğitim, kültür, spor, turizm, basın, güvenlik, savunma ve ulaştırma gibi alanlarda dostane işbirliğini ilerletmek.","Turizm ve ulaştırma ortak işbirliği listesinde iki tarafın ortak öznesiyle geçiyor; A1/A2 belirsiz, turiste yakın olan A2 seçildi."
A01,2,A2,İB,ORT,,kültür-yılı,全力办好二O一二年在土耳其举办的“中国文化年”和二O一三年在中国举办的“土耳其文化年”活动。,"2012'de Türkiye'de düzenlenecek ""Çin Kültür Yılı"" ve 2013'te Çin'de düzenlenecek ""Türkiye Kültür Yılı"" etkinliklerini en iyi şekilde gerçekleştirmek için tüm gücün seferber edilmesi.",Karşılıklı kültür yılları ortak eylem olarak taahhüt ediliyor.
A02,1,A2,İB,TR,,kültür-yılı,2012 ile 2013 yılları ise sırasıyla “Türkiye’de Çin Yılı” ve “Çin’de Türkiye Yılı” olarak ilan edilmiştir.,,Karşılıklı ülke yılları simetrik ortak ilan olarak sunuluyor.
A03,1,A3,İB,CN,NEG,ortak-miras (İpek-Yolu-bağı),中土两国虽远隔千山万水，但古代的丝绸之路将我们两个历史悠久的民族连结起来，携手谱写了一段人类文明友好交流和共同进步的美好篇章。,"Çin ve Türkiye binlerce dağ ve nehirle birbirinden uzak olsa da, kadim İpek Yolu iki köklü halkımızı birbirine bağlamış; el ele insan medeniyetinin dostane mübadelesi ve ortak ilerlemesinin güzel bir sayfasını yazmıştır.",İpek Yolu iki halkı eşit biçimde birleştiren ortak miras olarak anlatılıyor; merkez iddiası yok.
A03,2,A2,İB,CN,,halklar-arası-değişim/turizm,（三）密切人文交流，增进民间友好。中方愿继续与土方加强智库及非政府组织等的交流与合作，同时扩大旅游合作，进一步夯实两国友好的社会基础。,"(3) Halklar arası değişimi yoğunlaştırmak, halk düzeyinde dostluğu artırmak. Çin tarafı Türk tarafıyla düşünce kuruluşları ve sivil toplum kuruluşları arasındaki değişim ve işbirliğini güçlendirmeyi sürdürmek, aynı zamanda turizm işbirliğini genişletmek ve iki ülke dostluğunun toplumsal temelini daha da sağlamlaştırmak istiyor.",Turizm işbirliği iki tarafın ortak toplumsal temeli için öneriliyor.
A03,3,A2,İB,CN,,işbirliği-listesi (turizm+demiryolu),土方愿与中国加强在经贸、能源、文化、旅游、铁路基础设施建设等方面的合作,"Türk tarafı Çin ile ekonomi-ticaret, enerji, kültür, turizm, demiryolu altyapısı inşası gibi alanlarda işbirliğini güçlendirmek istiyor.","Turizm ve demiryolu birlikte ortak işbirliği alanı; A1/A2 belirsiz, A2 seçildi."
A04,1,A4,RK,TR,,ulusal-taşıyıcı-değeri,"In the case of the Turkish Airlines, growth is almost an automatic concept which fuels our tourism and service sectors in Turkey.",,Ulusal taşıyıcının büyümesi yalnız Türkiye'nin turizm ve hizmet gelirine bağlanıyor; değer tek tarafta.
A04,2,A3,RK,TR,,köprü-iddiası,"Firstly, Istanbul has always played the role of a strategic intersection since the dawn of the history. It dutifully connects East to West and North to South.",,İstanbul tarihsel kavşak/merkez olarak konumlandırılıyor.
A04,3,A3,KR,TR,,başlangıç-Xi'an/bitiş-İstanbul,"Therefore, no wonder the Silk Road which began in Xi’an ended in Istanbul for two millenia.",,"Xi'an başlangıç olarak tanınıyor ama ""no wonder"" ile İstanbul'un ayrıcalığına bağlanan uç nokta iddiası; ikisi birlikte."
A04,4,A1,RK,TR,NEG,hub-iddiası,"At this very critical location, the Turkish Airlines plays a key role of addressing the needs of our times by bringing in international traffic and tourism, and providing a crucial connecting point for the rest of the world.",,Bağlantısallıkta Türkiye/THY dünya için merkez aktarma noktası olarak konumlanıyor; Çin ortak özne değil.
A04,5,A4,RK,TR,,pazar-konumu/uçuş,"Turkish Airlines, with its daily flights from Beijing and Shanghai, as well as, 4 flights from Guangzhou, is determined to consolidate its position in the South East Asia.",,"Çin uçuşları Türk taşıyıcısının pazar konumunu pekiştirme amacıyla anılıyor; A1/A4 belirsiz, A4 seçildi."
A04,6,A2,İB,TR,,uçuş-turizm,"Hong Kong, with the daily flights, will no doubt further boost tourism and stimulate trade activities between Turkey and Hong Kong.",,Günlük uçuşların iki yönlü turizm ve ticareti artıracağı vurgulanıyor.
A05,1,A2,İB,TR,,kültür-yılı,"The Final Event of 2013 Cultural Year of Turkey in China will take place on 28th February 2014, Friday, 19:30 at the Beijing Century Theatre",,Karşılıklı kültür yılı çerçevesinde etkinlik; içerik Türk kültürü tanıtımı olsa da çerçeve ortak.
A05,2,A3,RK,TR,,kendi-kültürel-marka (Mevlana),"Rumi is first and foremost symbolized, in Turkey and in the world, with his very famous message: “Come, come, whoever you are. Come yet again”.",,Türk tarafı kendi kültürel simgesini evrensel marka olarak öne çıkarıyor; İpek Yolu dışı anlatı.
A06,1,A3,İB,CN,NEG,ortak-miras (Avrasya-halkları),两千多年前，亚欧大陆上勤劳勇敢的人民开辟了古老的“丝绸之路”。,"İki bin yılı aşkın süre önce Avrasya kıtasının çalışkan ve cesur halkları kadim ""İpek Yolu""nu açtı.",İpek Yolu'nun kurucusu tek bir ülke değil Avrasya halkları; paylaşımcı anlatı.
A06,2,A3,İB,CN,NEG,ortak-miras (dünya-mirası),是促进沿线各国繁荣发展的重要纽带，是东西方交流合作的象征和世界各国共有的历史文化遗产。,"[İpek Yolu ruhu] güzergâh ülkelerinin refah ve kalkınmasını teşvik eden önemli bir bağ, Doğu ile Batı arasındaki mübadele ve işbirliğinin simgesi ve dünyadaki tüm ülkelerin ortak tarihî-kültürel mirasıdır.",İpek Yolu tüm ülkelerin ortak mirası olarak tanımlanıyor.
A06,3,A3,RK,CN,,Çin-kökenli-girişim/sahiplik,2013年，中国国家主席习近平先后提出了“丝绸之路经济带”和“21世纪海上丝绸之路”的重大倡议，得到了国际社会的高度关注。,"2013'te Çin Devlet Başkanı Xi Jinping art arda ""İpek Yolu Ekonomik Kuşağı"" ve ""21. Yüzyıl Deniz İpek Yolu"" büyük girişimlerini önerdi ve uluslararası toplumun yoğun ilgisini gördü.",Çağdaş İpek Yolu canlandırmasının yazarı tek başına Çin lideri olarak konumlanıyor.
A06,4,A1,İB,CN,,altyapı-uyumu,设施联通就是沿线国家加强基础设施建设规划、技术标准体系的对接，共同推进国际骨干通道建设，逐步形成连接亚洲各次区域以及亚欧非之间的基础设施网络。,"Tesis bağlantısı, güzergâh ülkelerinin altyapı planlaması ve teknik standart sistemlerini birbirine bağlaması, uluslararası ana koridorların inşasını birlikte ilerletmesi ve Asya'nın alt bölgelerini ve Asya-Avrupa-Afrika'yı bağlayan bir altyapı ağını adım adım oluşturması demektir.",Altyapı ve standart uyumu ortak özneyle tanımlanıyor.
A06,5,A2,İB,CN,,halklar-arası-değişim/turizm,民心相通就是广泛开展文化交流、学术往来、人才交流、旅游、科技和媒体合作、政党、议会、青年和妇女交往、志愿者服务等。,"Halklar arası gönül bağı; kültürel mübadele, akademik temaslar, insan kaynakları değişimi, turizm, bilim-teknoloji ve medya işbirliği, siyasi parti, parlamento, gençlik ve kadın temasları, gönüllü hizmetler vb.'nin geniş çapta yürütülmesi demektir.",Turizm halklar arası ortak işbirliği kalemi olarak tanımlanıyor.
A06,6,A1,İB,CN,,solo-değil-koro,“一带一路”建设秉持的是共商、共建、共享原则，“一带一路”建设不是封闭的，而是开放包容的；不是中国一家的独奏，而是沿线国家的合唱。,"""Kuşak ve Yol"" inşası ortak istişare, ortak inşa ve ortak paylaşım ilkesine dayanır; kapalı değil açık ve kapsayıcıdır; Çin'in tek başına solosu değil, güzergâh ülkelerinin korosudur.",Çin merkezliliği açıkça reddeden ortak inşa dili.
A06,7,A1,İB,CN,,mevcut-girişimlerle-uyum,“一带一路”建设不是要替代现有地区合作机制和倡议，而是要在已有基础上，推动沿线国家实现发展战略相互对接、优势互补。,"""Kuşak ve Yol"" mevcut bölgesel işbirliği mekanizmalarının ve girişimlerinin yerini almayı değil, var olan temel üzerinde güzergâh ülkelerinin kalkınma stratejilerinin birbirine bağlanmasını ve üstünlüklerin tamamlanmasını amaçlar.","Diğer girişimleri ikame etmeme, karşılıklı uyum vurgusu."
A06,8,A3,RK,CN,,durak/halka-konumlandırma,土耳其是古丝绸之路的重要一站，也是“一带一路”建设的重要一环。,"Türkiye kadim İpek Yolu'nun önemli bir durağı, aynı zamanda ""Kuşak ve Yol"" inşasının önemli bir halkasıdır.","Türkiye Çin çerçeveli güzergâhta merkez değil ""durak/halka"" olarak konumlanıyor."
A06,9,A1,İB,CN,,Orta-Koridor-uyum (İpek Yolu/Kervansaray),习近平主席提出的“一带一路”战略构想与土耳其领导人提出的“丝绸之路倡议和驿站计划”不谋而合,"Başkan Xi Jinping'in önerdiği ""Kuşak ve Yol"" stratejik vizyonu ile Türk liderlerinin önerdiği ""İpek Yolu Girişimi ve Kervansaray Projesi"" kendiliğinden örtüşmektedir.",Türk girişimi adıyla tanınıyor ve iki girişim eşdeğer biçimde örtüşüyor.
A06,10,A1,KR,CN,,BRI-ye-eklemlenme,土耳其是“一带一路”的天然支持者和参与者，土方愿积极融入“一带一路”建设当中。,"Türkiye ""Kuşak ve Yol""un doğal destekçisi ve katılımcısıdır; Türk tarafı ""Kuşak ve Yol"" inşasına aktif olarak entegre olmak istiyor.","İşbirliği isteği var ama Türkiye Çin girişimine ""eklemlenen"" taraf olarak konumlanıyor; ikisi birlikte."
A06,11,A4,KR,CN,,Çin-müteahhit/altyapı-payı,近年来，中国企业深入参与土大型基础设施项目建设，由中国公司参与建设的安伊高铁全线贯通，极大便利了沿线人民生活,Son yıllarda Çin şirketleri Türkiye'deki büyük altyapı projelerine derinlemesine katılmış; Çin şirketlerinin de inşasına katıldığı Ankara-İstanbul hızlı treni tamamen hizmete girmiş ve güzergâh halkının yaşamını büyük ölçüde kolaylaştırmıştır.,"Altyapı değerinin Çin şirketlerine (RK) ve yerel halka faydaya (İB) bağlanması; A1/A4 belirsiz, A4 seçildi."
A06,12,A2,İB,CN,,turist-akışı-dostluk,中国来土游客近年来显著增加，加深了相互了解和友谊。,Son yıllarda Türkiye'ye gelen Çinli turist sayısı belirgin biçimde arttı; bu karşılıklı anlayışı ve dostluğu derinleştirdi.,Turist akışı karşılıklı anlayış ve ortak kazanç olarak çerçeveleniyor.
A06,13,A3,İB,CN,NEG,karşı-tarafın-simgesi (Mevlana),土耳其伟大的思想家梅夫拉那曾说过，“来吧，都来吧，希望之门向你们打开”。,"Türkiye'nin büyük düşünürü Mevlana, ""Gel, ne olursan ol gel, umut kapısı size açık"" demiştir.",Çin kaynağı Türk kültürel simgesini sahiplenmeden onurlandırarak ortak anlatıya dahil ediyor.
A06,14,A1,İB,CN,,ortak-inşa,中国愿与包括土耳其在内的丝路沿线国家一道，以共建“一带一路”为契机， 推动更大范围、更高水平、更深层次的大开放、大交流、大融合，共同谱写建设“一带一路”的新篇章。,"Çin, Türkiye dahil İpek Yolu güzergâh ülkeleriyle birlikte, ""Kuşak ve Yol""un ortak inşasını fırsat bilerek daha geniş kapsamlı, daha yüksek düzeyli ve daha derin bir açılım, mübadele ve bütünleşmeyi teşvik etmek ve ""Kuşak ve Yol"" inşasının yeni sayfasını birlikte yazmak istiyor.",Ortak inşa ve ortak özne dili.
A07,1,A3,RK,ORT,,anlam-yeniden-tanımlama (Çin),İpek Yolu ruhunun canlandırılması ve İpek Yolunun anlamının yeni çağın özelliklerine göre zenginleştirilmesi gayretiyle Kuşak ve Yol Girişiminin önerildiğini göz önüne alarak;,,"Ortak metinde İpek Yolu'nun anlamını yeni çağa göre ""zenginleştirme"" yetkisi Çin'in önerdiği girişime atfediliyor (cümle öznesi ""Çin tarafından"")."
A07,2,A3,KR,ORT,,tanınma/Türk-İpek-Yolu-kavramları,Türkiye Cumhuriyeti'nin uzun süredir İpek Yoluyla ilgili kavramları geliştirmekte olduğu ve çok taraflı gelişme ihtiyaçlarına ve beklentilerine dayalı olarak Orta Koridor Girişimi gibi önerilerinin uygulanması için aktif şekilde çalıştığı;,,"Türkiye'nin kendi İpek Yolu kavramları ve koridoru ayrı marka olarak ileri sürülüyor ama ortak metinde karşılıklı tanınıyor; A1/A3 belirsiz, A3 seçildi."
A07,3,A1,İB,ORT,,girişimler-arası-uyum,"İki Tarafın ilgili tüm ülkeler ve uluslar için barışçıl gelişme ve ortak refahı gerçekleştirmek amacıyla İpek Yoluyla ilgili girişimleri arasında birleşen noktaları ortaklaşa keşfetmeleri; politikaların uyumlaştırılmasını ve pragmatik işbirliğini kolaylaştırmak üzere birlikte çaba sarf etmeleri, kazan-kazan işbirliğini ve karşılıklı öğrenmeyi desteklemeleri gerektiğine karar verilerek;",,İki tarafın girişimleri eşit biçimde ortak özneyle uyumlaştırılıyor.
A07,4,A1,KR,ORT,,asimetrik-bütünleştirme,bir taraftan Orta Koridor ve Kuşak ve Yola ilişkin Kervansaray projeleri gibi Türk girişimlerini Kuşak ve Yol ile bütünleştirirken Kuşak ve Yol Girişimine yönelik işbirliğini ortaklaşa teşvik ederler.,,Ortak teşvik dili (İB) ile Türk girişimlerinin tek yönlü olarak Kuşak ve Yol'a bütünleştirilmesi (RK) aynı birimde.
A07,5,A1,İB,ORT,,altyapı-projeleri,"Otoyol, demiryolu, sivil havacılık, limanın yanı sıra petrol ve gaz boru hatları, enerji nakil hatları şebekesi ve telekomünikasyon ağı da dâhil Türkiye'de, Çin'de ve üçüncü ülkelerde iki taraflı altyapı projelerinde işbirliği konusunda planların düzenlenmesi;",,Ulaşım altyapısında simetrik iki taraflı işbirliği.
A07,6,A1,İB,ORT,,ulaşım-kolaylaştırma,"trafik erişilebilirliğinin ve ulaşım ağı güvenliğinin iyileştirilmesi, ulaşımın kolaylaştırılması için anlaşmaların görüşülmesi ve imzalanması ve sınır ötesi ulaşım güvenliğinin sağlanması.",,Ulaşımın kolaylaştırılması ortak eylem olarak.
A07,7,A1,KR,ORT,,asimetrik-bütünleştirme,"İpek Yolu boyunca gümrük işbirliği hususunda, Kervansaray Projesinin Kuşak ve Yol'a dâhil edilmesi memnuniyetle karşılanır.",,"Türk projesi ortakça memnuniyetle karşılanıyor ama Kuşak ve Yol'a ""dâhil edilen"" konumunda."
A07,8,A4,KR,ORT,,ödeme-sistemi/RMB,RMB sınır ötesi düzenlemesinin iyileştirilmesi ve ikili işbirliği ihtiyacını karşılanması için ticarette ve yatırımda yerel ülke para birimlerinin kullanımının genişletilmesi maksadıyla Türk-Çin para birimi takas anlaşmasından yararlanılması;,,Ödeme altyapısında yalnız RMB düzenlemesi adıyla anılıyor (RK) ama yerel para/swap ortak (İB).
A07,9,A4,İB,ORT,NEG,finansman-sahipliği (AIIB/İpek-Yolu-Fonu),"özellikle Asya Altyapı ve Yatırım Bankası, İpek Yolu Fonu ve diğer hükümet fonları, piyasa işlemleri, yardım fonları, uluslararası ve sosyal fonlar aracılığıyla bu programlara yatırım ve finansman desteği sunulması",,"Yatırım/finansman sahipliği ortak destek dili ile; Çin öncülüğündeki kurumlar açıkça ayrıcalıklandırılmıyor (gizil RK, bkz. notlar)."
A07,10,A2,İB,ORT,,halklar-arası-değişim/kardeş-şehir,"İnsandan insana değişimlerin teşvik edilmesi, orta ve uzun vadeli kültür alışverişi işbirliği modeli oluşturulması, kardeş şehir ağları kurulması için çaba sarf edilmesi;",,Karşılıklı insan ve kültür değişimi ortak eylem.
A07,11,A2,İB,ORT,,turizm-anlaşması,"medya, çevre koruma, eğitim, sağlık, kültür, kültür merkezleri, sanat, turizm, yoksulluğun giderilmesi, toplumsal refah vb. konularda işbirliği anlaşmalarının imzalanmasının görüşülmesi;",,Turizm işbirliği anlaşması ortak hedef.
A07,12,A3,İB,ORT,NEG,ortak-İpek-Yolu-kültürü,"İki Tarafta yerel birimlerin, medyanın, düşünce kuruluşlarının, öğrenci ve gençlerin değişiminin hızlandırılması ve İpek Yolu kültürünün ileriye taşınması",,İpek Yolu kültürü iki tarafın birlikte ileri taşıyacağı ortak varlık.
A08,1,A1,RK,CN,NEG,Orta-Koridor-adsız,双方即将签署政府间共同推进“一带一路”建设谅解备忘录，将为双方在“一带一路”框架内推进各领域合作提供重要政策支持。,"Taraflar yakında hükümetler arası ""Kuşak ve Yol"" inşasını ortaklaşa ilerletme mutabakat zaptını imzalayacak; bu, tarafların ""Kuşak ve Yol"" çerçevesinde çeşitli alanlarda işbirliğini ilerletmesine önemli politika desteği sağlayacak.","Resmî adı Orta Koridor'u da içeren MoU, Çin anlatımında yalnız ""Kuşak ve Yol"" MoU'su olarak sunuluyor; Türk koridoru görmezden geliniyor."
A08,2,A4,İB,CN,NEG,finansman-sahipliği (AIIB/İpek-Yolu-Fonu),双方应该积极利用丝路基金和亚洲基础设施投资银行等平台，创新合作渠道和模式，实现共同发展和共同繁荣。,"Taraflar İpek Yolu Fonu ve Asya Altyapı Yatırım Bankası gibi platformlardan aktif biçimde yararlanmalı, işbirliği kanallarını ve modellerini yenilemeli, ortak kalkınma ve ortak refahı gerçekleştirmeli.","Finansman platformları ortak kalkınma ve refah dili ile; açık ayrıcalık yok (gizil RK, bkz. notlar)."
A08,3,A4,İB,CN,NEG,ödeme-sistemi/yerel-para,中方愿同土方探讨在双边贸易和投资中扩大使用本币，促进贸易和投资便利化。,Çin tarafı Türk tarafıyla ikili ticaret ve yatırımda yerel para kullanımını genişletmeyi ve ticaret ile yatırımın kolaylaştırılmasını ele almak istiyor.,Ödeme sistemi (yerel para) iki taraflı ortak düzenleme olarak.
A08,4,A2,İB,CN,,halklar-arası-değişim,双方应该扩大人文交流，夯实中土友好民意基础。,"Taraflar halklar arası değişimi genişletmeli, Çin-Türkiye dostluğunun kamuoyu temelini sağlamlaştırmalı.","Ortak özne, ortak kazanç."
A08,5,A2,İB,CN,,işbirliği-listesi (turizm),土方高度重视对华关系，愿在相互尊重基础上，继续同中方深化政治、经济、能源、文化、安全、旅游等各领域合作,"Türk tarafı Çin ile ilişkilere büyük önem veriyor; karşılıklı saygı temelinde Çin tarafıyla siyaset, ekonomi, enerji, kültür, güvenlik, turizm gibi alanlarda işbirliğini derinleştirmeyi sürdürmek istiyor.",Turizm karşılıklı saygı temelinde ortak işbirliği alanı.
A08,6,A1,KR,CN,,BRI-çerçevesine-katılım,土方愿积极参加“一带一路”框架下合作，欢迎中国企业加大对土耳其基础设施等领域投资。,"Türk tarafı ""Kuşak ve Yol"" çerçevesindeki işbirliğine aktif olarak katılmak ve Çinli şirketlerin Türkiye'de altyapı vb. alanlara yatırımlarını artırmasını memnuniyetle karşılamak istiyor.","İşbirliği isteği (İB) ama Türk sözcüsü Çin kaynağında yalnız Çin çerçevesine ""katılan"" olarak aktarılıyor, Orta Koridor yok (RK)."
A08,7,A1,RK,CN,NEG,Orta-Koridor-adsız,会见后，两国元首共同见证了关于共推“一带一路”建设的谅解备忘录，以及基础设施、进出口检验检疫等领域合作协议的签署。,"Görüşmenin ardından iki devlet başkanı ""Kuşak ve Yol"" inşasını ortaklaşa ilerletmeye ilişkin mutabakat zaptının ve altyapı, ithalat-ihracat denetim ve karantina gibi alanlarda işbirliği anlaşmalarının imzalanmasına birlikte tanıklık etti.",Aynı gün imzalanan uyumlaştırma MoU'su Orta Koridor adı verilmeden yalnız Çin girişimiyle adlandırılıyor.
A09,1,A2,İB,CN,,kültür-markası/karşılıklı-festival,双方可在“一带一路”框架下，结合中土建交45周年等重大时间节点推进文化旅游合作，加强“欢乐春节”和“诺鲁兹节”文化品牌建设等。,"Taraflar ""Kuşak ve Yol"" çerçevesinde, Çin-Türkiye diplomatik ilişkilerinin 45. yıldönümü gibi önemli tarihlerle birleştirerek kültür ve turizm işbirliğini ilerletebilir, ""Mutlu Bahar Bayramı"" ve ""Nevruz Bayramı"" kültür markalarının inşasını güçlendirebilir.",İki tarafın kültürel markaları yan yana ortak inşa edilecek; ayrı marka çatışması değil.
A09,2,A2,İB,CN,,turist-sayısı/potansiyel,2014年中国来土游客为20万人次，2015年达到31万人次，而2015年中国出境游旅客达1.2亿人次。这充分显示了中土旅游合作稳步上升，潜力巨大，,"2014'te Türkiye'ye gelen Çinli turist sayısı 200 bin, 2015'te 310 bin oldu; 2015'te Çin'in yurt dışı turist sayısı 120 milyona ulaştı. Bu, Çin-Türkiye turizm işbirliğinin istikrarlı biçimde yükseldiğini ve potansiyelinin büyük olduğunu tam olarak göstermektedir.","Akış verisi ""turizm işbirliği"" ortak başarısı ve potansiyeli olarak sunuluyor."
A09,3,A2,RK,CN,,güvenlik-talebi,希望土方从安全和服务等方面加强对中国游客的保障。,Türk tarafının güvenlik ve hizmet gibi açılardan Çinli turistlere yönelik güvenceyi güçlendirmesini umuyoruz.,"Akışın koşulu olarak tek taraflı talep; yükümlülük yalnız Türk tarafına yükleniyor (belirsiz, bkz. notlar)."
A09,4,A3,İB,CN,NEG,iki-kadim-medeniyet,马希尔部长表示，土中同为文明古国，友谊源远流长,"Bakan Mahir [Ünal], Türkiye ve Çin'in her ikisinin de kadim medeniyetler olduğunu ve dostluklarının çok eskilere dayandığını belirtti.","Simetrik ""iki kadim medeniyet"" anlatısı; merkez iddiası yok."
A09,5,A2,İB,CN,,halklar-arası-değişim,作为丝绸之路沿线重要国家，土方愿围绕“一带一路”与中方大力开展合作，通过文化传播、团组往来等一系列文化庆祝活动加强人文交流。,"İpek Yolu güzergâhındaki önemli bir ülke olarak Türk tarafı ""Kuşak ve Yol"" etrafında Çin tarafıyla güçlü işbirliği yapmak, kültürel yayılım ve heyet ziyaretleri gibi bir dizi kültürel kutlama etkinliğiyle halklar arası değişimi güçlendirmek istiyor.",Kültürel değişim ve heyet akışı ortak eylem.
A09,6,A2,İB,CN,,güvenlik-yanıtı,土方高度重视中方对旅土安全等方面的关切，已提升对中国游客的安保级别。,Türk tarafı Çin tarafının Türkiye'deki seyahat güvenliği gibi konulardaki kaygılarına büyük önem veriyor ve Çinli turistlere yönelik güvenlik seviyesini yükseltti.,Akışı kolaylaştıran karşılıklı uyum/yanıt.
A09,7,A1,İB,CN,,uçuş,土方鼓励增加两国间航班，努力为包括中国旅客在内的各国旅客提供更加优质高效的服务。,Türk tarafı iki ülke arasındaki uçuşların artırılmasını teşvik ediyor ve Çinli yolcular dahil tüm ülkelerin yolcularına daha kaliteli ve verimli hizmet sunmak için çaba gösteriyor.,İki ülke arası uçuş artışı kolaylaştırıcı bağlantısallık.
A10,1,A2,İB,TR,,turizm-ortağı,"""China will become one of the most important tourism partners of Turkey in the very near future,"" Kurtulmus told reporters at the 14th China International Tourism and Travel Fair in the capital Beijing.",,Çin ortak olarak konumlanıyor.
A10,2,A2,RK,TR,,tek-taraflı-tanıtım/pazar-olarak-Çin,"Kurtulmus said it was Turkey's tourism strategy to engage in promotional activities with such countries as China, India, Japan, Malaysia and Indonesia.",,"Çin ortak özne değil, Türkiye'nin tek taraflı tanıtım stratejisinde hedef pazarlardan biri."
A10,3,A2,RK,TR,,tek-taraflı-hedef,"""Around 250,000 tourists came to Turkey last year. There is no reason not to increase this number to 500,000.""",,"Tek yönlü gelen turist hedefi; değer Türk tarafında (karar kuralı: tek taraflı hedef = RK, bkz. notlar)."
A10,4,A2,İB,TR,,kültürel-ekonomik-bağ,"According to the Turkish Foreign Ministry website, Ankara considers tourism as a sector with the ""potential"" to further enhance cultural and economic ties with Beijing.",,Turizm iki taraf arasındaki bağları güçlendiren ortak alan.
A10,5,A2,İB,TR,,turist-akışı-dostluk,"""Chinese tourists, visiting Turkey in a steadily rising number since 2002, are strengthening ties between Turkish and Chinese people,"" it said.",,Akış halklar arası ortak kazanç olarak.
A10,6,A2,İB,TR,,turizm-yılı,"After the fair, Kurtulmus met his Chinese counterpart Luo Shugang within the scope of Turkish Tourism Year in China.",,Turizm yılı kapsamında iki bakan ortak temas.
A10,7,A3,RK,TR,,kültür-merkezi/engel,Kurtulmus said Turkey wants to open Yunus Emre Institute in China and called for a completion of judicial processes as soon as possible.,,Türk kültür kurumunun Çin'de varlığı talep ediliyor ve gecikme sürtünmesi ima ediliyor; kendi kültürel temsil kanalı.
A11,1,A1,İB,CN,,Orta-Koridor-uyum,"Both sides should reinforce the integration of development strategies, elevate the overall level of China-Turkey practical cooperation and well integrate the ""Belt and Road"" initiative with the ""Middle Corridor"" initiative.",,İki girişim adıyla ve ortak özneyle uyumlaştırılıyor.
A11,2,A2,İB,CN,,halklar-arası-değişim,Both sides should enrich people-to-people and cultural exchanges to expand the public opinion foundation of China-Turkey friendship.,,"Ortak özne, ortak dostluk temeli."
A11,3,A1,KR,CN,,BRI-çerçevesine-katılım,"Turkey is willing to intensify exchanges with China at all levels, supports and stands ready to actively participate in the ""Belt and Road"" construction and boost cooperation in such areas as economy and trade, energy, infrastructure and tourism.",,"İşbirliği isteği var ama Türk sözcüsü yalnız Çin girişimine ""katılan"" olarak aktarılıyor."
A12,1,A4,RK,TR,,Çinli-harcama-hedefi,"Due to the fact that 130 million Chinese tourists traveled abroad last year, they will undoubtedly contribute to boosting Turkey's tourism sector.",,"Çinli turist harcaması yalnız Türk turizm sektörünün kazancı olarak çerçeveleniyor; A2/A4 belirsiz, A4 seçildi."
A12,2,A2,RK,TR,,tek-taraflı-hedef,We are looking forward to increasing the percentage of Chinese tourists in this already varied demographic.,,Tek yönlü pay artırma hedefi.
A12,3,A2,RK,TR,,tek-taraflı-tanıtım,"Chinese tourists tend to have a deep interest in historically, culturally and geographically significant places. Many of these are to be found in Turkey: The city of Istanbul is a treasure in itself,",,Kendi destinasyonlarının tek taraflı tanıtımı; İpek Yolu/ortaklık çerçevesi yok.
A12,4,A2,İB,TR,,vize (karşılıklı-muafiyet),A visa free policy for both sides is our ultimate goal.,,Her iki taraf için vizesizlik ortak hedef.
A12,5,A2,İB,TR,,vize (e-vize-kolaylığı),Chinese tourists can easily receive their Turkish visas online at evisa.gov.tr in less than three minutes.,,Akışı kolaylaştıran tek taraflı kolaylık (karar kuralı: kolaylaştırma = İB).
A12,6,A4,İB,TR,NEG,ödeme-sistemi/AliPay,Visa fees can also be paid with different payment methods including AliPay.,,"Türk tarafı Çin ödeme platformunu kabul ederek uyum sağlıyor; ayrışan konumlanma dili yok (Ö5 açısından gizil önem, bkz. notlar)."
A12,7,A2,İB,TR,,vize (resmî-pasaport-muafiyeti),"Moreover, holders of diplomatic, service and official Chinese passports are visa-exempt.",,Vize kolaylığı.
A12,8,A2,İB,TR,,turizm-yılı,This year is celebrated as the Turkey Tourism Year in China.,,Turizm yılı ikili çerçevede.
A12,9,A2,KR,TR,,turizm-yılı/kendi-vitrin,"Throughout the Tourism Year, Turkey will be organizing more than 60 events showcasing the country's tourism and culture. These events will also comprise tourism sector interactions between private Turkish and Chinese companies.",,Tek taraflı vitrin (RK) ile Türk-Çin şirketleri etkileşimi (İB) aynı birimde.
A12,10,A1,İB,TR,,uçuş,"Turkish Airlines, one of Turkey's biggest companies, is successfully investing in China, operating 28 direct flights between Beijing, Shanghai, Guangzhou, Hong Kong and Istanbul each week.",,Doğrudan uçuşlar seyahati kolaylaştıran bağlantısallık olarak sunuluyor.
A12,11,A4,İB,TR,NEG,acente-işbirliği,"For tailored travel experiences, we are organizing events to bring together Turkish and Chinese tourism operators to explore ways to offer the best service to Chinese tourists at a reasonable price.",,Aracı/operatör düzeyinde iki tarafı buluşturan ortak eylem.
A12,12,A2,İB,TR,,Çince-personel/paket-uyarlama,"We are working on increasing the number of Chinese-speaking personnel in the tourism sector, while Turkish tourism companies are adjusting their programs and travel packages according to the interests and requirements of Chinese tourists.",,Akışı kolaylaştıran uyum (A2/A4 sınırında; bkz. notlar).
A12,13,A2,RK,TR,,tek-taraflı-hedef,"Our goal is to host around 500,000 Chinese tourists in 2018 and reach 1 million and more in the coming years.",,Tek yönlü sayı hedefi.
A12,14,A1,İB,TR,,uçuş-kapasitesi,"However, flight capacity between Turkey and China is a major obstacle. In this regard, we are aiming to increase flight frequencies and destinations.",,İki ülke arası uçuş kapasitesinin artırılması.
A12,15,A1,İB,TR,,uçuş,"Turkish Airlines would like to extend its operations to several Chinese destinations other than Beijing, Shanghai, Guangzhou and Hong Kong in the near future.",,Yeni hatlar bağlantısallığı artırıyor; pazar konumu dili yok.
A12,16,A1,İB,TR,,uçuş/sivil-havacılık,"We also encourage Chinese airlines to launch direct flights to and from Turkey. To this end, our relevant agencies are maintaining close contacts to strengthen Turkish-Chinese civil aviation cooperation.",,Çinli taşıyıcıları da davet eden ortak havacılık işbirliği.
A12,17,A4,İB,TR,NEG,acente-işbirliği,I should also add that Turkish and Chinese tour operators need to work closely to offer the best alternatives for Chinese tourists in Turkey.,,Operatörler arası ortak çalışma.
A12,18,A4,RK,TR,,pazar-erişimi/aracı,"The tourism market in China should also be more accessible for Turkish operators, so that members of the Turkish tourism sector can travel back and forth between China and Turkey to work on business arrangements with Chinese counterparts without any hindrance.",,Çin turizm pazarının Türk operatörlerine kapalılığı; değer zincirinde erişim sürtünmesi.
A12,19,A2,İB,TR,,güvenlik,"Security checks have been tightened, particularly in transport services and places of interest for tourists.",,Turist güvenliği akışı kolaylaştırıcı önlem.
A12,20,A2,İB,TR,,liderler-vizyonu/halklar-arası,"Both leaders, President Recep Tayyip Erdogan and President Xi Jinping, have agreed to strengthen bilateral ties across all fields, particularly in people-to-people interactions. Tourism is a great asset to realize the vision of our leaders.",,Turizm iki liderin ortak vizyonunun aracı.
A12,21,A2,İB,TR,,karşılıklı-tanıtım,Both countries should be more active in introducing their cultures to each other.,,Karşılıklı tanıtım ortak görev.
A12,22,A2,RK,TR,,vize-asimetrisi,"Firstly, the Chinese authorities' visa policy needs to be revisited.",,Karşı tarafın vize politikası engel olarak konumlanıyor.
A12,23,A3,İB,TR,NEG,iki-kadim-medeniyet,"Bilateral ties between Turkey and China, two ancient civilizations, date back thousands of years. The Silk Road has played a prominent role in our relations throughout the centuries.",,İpek Yolu iki eşit medeniyetin ortak bağı.
A12,24,A3,İB,TR,NEG,iki-uç/kapı,"The geographic gates of the Silk Road in Europe and Asia are now tied again hand in hand, this time, as part of the Belt and Road Initiative.",,"Simetrik iki kapı ve ""el ele""; merkez iddiası yok, Kuşak ve Yol çerçevesi kabul."
A12,25,A3,RK,TR,,köprü-iddiası,"Turkey is perfectly located. A natural bridge on the East-West and North-South axes, thus creating an efficient and cost-effective outlet to major markets.",,"Türkiye doğal köprü/merkez olarak konumlanıyor; A1/A3 belirsiz, A3 seçildi."
A12,26,A1,RK,TR,NEG,hub-iddiası,"When completed, the new Istanbul Airport will be the world's largest in terms of annual passenger capacity.",,Bağlantısallıkta Türkiye'yi dünya merkezi olarak konumlayan tek taraflı iddia.
A13,1,A1,İB,CN,,Orta-Koridor-uyum,土耳其是共建“一带一路”的重要伙伴，中方愿同土方加快共建“一带一路”倡议和“中间走廊”计划的对接,"Türkiye ""Kuşak ve Yol""un ortak inşasında önemli bir ortaktır; Çin tarafı Türk tarafıyla ""Kuşak ve Yol"" girişimi ile ""Orta Koridor"" planının uyumlaştırılmasını hızlandırmak istiyor.",İki girişim adıyla uyumlaştırılıyor (girişim/plan adlandırma farkı notlarda).
A13,2,A4,İB,CN,NEG,yaygın-fayda,同时积极开展中小型、惠民项目合作，让更多企业和民众从中土合作中获得实实在在的好处。,"Aynı zamanda küçük ve orta ölçekli, halka yarar sağlayan projelerde işbirliğini aktif biçimde yürütmek, daha fazla şirket ve vatandaşın Çin-Türkiye işbirliğinden somut faydalar elde etmesini sağlamak.",Faydanın iki taraftaki geniş kesimlere yayılması vurgusu.
A13,3,A2,İB,CN,,halklar-arası-değişim/turizm,要继续扩大人文交流和旅游合作，增进两国人民的相互了解，夯实中土友好的民意基础。,"Halklar arası değişim ve turizm işbirliğini genişletmeyi sürdürmek, iki ülke halkının karşılıklı anlayışını artırmak ve Çin-Türkiye dostluğunun kamuoyu temelini sağlamlaştırmak gerekir.",Turizm ortak kazanç için.
A13,4,A3,İB,CN,NEG,ortak-miras (İpek-Yolu-bağı),埃尔多安表示，通过千年古丝绸之路连接起来的土中友好源远流长，今天得到进一步加强。,"Erdoğan, bin yıllık kadim İpek Yolu ile birbirine bağlanan Türk-Çin dostluğunun çok eskilere dayandığını ve bugün daha da güçlendiğini belirtti.",İpek Yolu iki tarafı eşit biçimde bağlayan ortak miras.
A13,5,A1,KR,CN,,BRI-çerçevesine-katılım,土方坚定支持“一带一路”建设，希望双方在“一带一路”框架内加强贸易、投资、金融、能源、汽车制造、基础设施、第五代移动通信、智慧城市等领域合作,"Türk tarafı ""Kuşak ve Yol"" inşasını kararlılıkla destekliyor; tarafların ""Kuşak ve Yol"" çerçevesinde ticaret, yatırım, finans, enerji, otomotiv, altyapı, 5G, akıllı şehir gibi alanlarda işbirliğini güçlendirmesini umuyor.",İşbirliği dili var; Türk sözcüsü Çin kaynağında yalnız Çin çerçevesi içinde aktarılıyor.
A14,1,A3,İB,TR,NEG,iki-başkent,"Bugün, Tarihi İpek Yolu’nun binlerce yıl en görkemli medeniyet başkentlerinden olagelmiş, dünya kültürel mirasının sembol şehirlerinden İstanbul ile Xi’an’ı havayoluyla birbirine bağlıyoruz.",,"İstanbul ve Xi'an simetrik biçimde İpek Yolu başkentleri; A1/A3 belirsiz, A3 seçildi."
A14,2,A1,İB,TR,,demiryolu,"Bildiğiniz üzere, Xi’an’dan hareket eden Çin-Avrupa treni 6 Kasım’da Ankara’ya ulaşmıştı.",,Demiryolu bağlantısı ortak törenle anılan ortak kazanım.
A14,3,A1,İB,TR,,uçuş/liderler-vizyonu,"İstanbul – Xi’an uçuşu, Türkiye Cumhurbaşkanı Sayın Recep Tayyip Erdoğan’ın ve Çin Halk Cumhuriyeti Devlet Başkanı Sayın Xi Jinping’in vizyoner liderlikleri ve sivil havacılık alanında iki ülke arasındaki işbirliğinin güçlendirilmesine yönelik kararlılıkları ve ortak anlayışları sayesinde hayat bulmuştur.",,Uçuş iki liderin ortak eseri.
A14,4,A1,İB,TR,,Orta-Koridor-uyum,"İki ülke arasındaki bağlantılılığın güçlendirilmesi, Çin’in Kuşak ve Yol Girişimi ile Türkiye’nin Orta Koridor Girişimi arasındaki işbirliğinin ve uyumun sağlanmasına büyük katkı sağlayacaktır.",,İki koridor simetrik biçimde uyumlaştırılıyor.
A14,5,A1,İB,TR,,kazan-kazan/uçuş,"Sivil havacılıktaki ikili işbirliğimize her daim “kazan-kazan” ilkesiyle yaklaştık. Bu çerçevede, Türk ve Çinli havayolu şirketlerinin iki ülke arasında karşılıklı doğrudan uçuşlarını artırmakta olmalarından büyük memnuniyet duyuyoruz.",,Açık kazan-kazan ve iki tarafın taşıyıcıları.
A14,6,A2,İB,TR,,turizm-yılı-etkisi,2018 yılı Çin’de Türkiye Turizm Yılı olarak kutlanmıştır. Bir önceki yıla göre %64 artışla Çin’den 400 bini aşkın turist Türkiye’yi ziyaret etmiştir.,,Ortak turizm yılı akış artışıyla ilişkilendiriliyor.
A14,7,A2,RK,TR,,tek-taraflı-hedef,Hedefimiz bu sayıyı 1 milyona çıkartmaktır.,,Tek yönlü sayı hedefi.
A14,8,A2,İB,TR,,karşılıklı-turizm,"Karşılıklı doğrudan seferlerin artması, karşılıklı turizmin güçlendirilmesi ile dost halklarımızın birbirlerini daha iyi tanımaları bakımından özellikle önem arzetmektedir.",,Karşılıklı turizm ve tanışma ortak kazanç.
A14,9,A1,İB,TR,,uçuş,"Çin makamlarının karşılıklı seferleri teşvik etmeyi sürdürmesini bekliyor, 2020 yılında yeni hatların faaliyete geçmesini temenni ediyoruz.",,Karşılıklı seferlerin teşviki.
A14,10,A1,KR,TR,,THY-yuvası,"Xi’an artık Türkiye’nin Bayrak Taşıyıcısı Türk Hava Yolları’nın yeni yuvasıdır. Bu uçuş, Türkiye ve Çin arasındaki dostluğun ve geleceğe dönük işbirliği vizyonunun da parlayan sembolü olacaktır.",,"Çin'in İpek Yolu kentinde Türk ulusal taşıyıcısına ""yuva"" iddiası (RK) ve dostluk sembolü (İB) birlikte."
A15,1,A3,RK,TR,,UNESCO-kendi-mirası,Turkey has a total of 18 precious cultural and natural sites inscribed on the UNESCO World Heritage List as of 2020.,,Xi'an forumunda Türkiye kendi miras envanteriyle açılıyor; ortak İpek Yolu yok.
A15,2,A3,RK,TR,,köprü-iddiası,"İstanbul is the only city situated on two continents in the world, one arm reaching out to Asia and the other to Europe",,İstanbul'un tekilliği/merkezliği.
A15,3,A2,RK,TR,,tek-taraflı-tanıtım,Cappadocia is one of the most visited places in Turkey particularly by Chinese tourists.,,Kendi destinasyonunun Çinli turiste tek taraflı tanıtımı.
A15,4,A3,RK,TR,,başlangıç-iddiası (Göbeklitepe),"I proudly announce here that this place, where the history has begun, is located in Şanlıurfa, the city where my hometown is.",,"Xi'an'da ""tarihin başladığı yer"" Türkiye'de konumlanıyor; başlangıç/köken iddiası."
A15,5,A3,RK,TR,,kendi-kültürel-marka (Mevlana),"Konya is also known for its Whirling Dervishes, reflecting mystic Sufi tradition created by Mevlana Celaleddini Rumi, who has handed down an interpretation of İslamic belief from the point of love.",,Kendi kültürel simgesinin tanıtımı.
A15,6,A2,RK,TR,,beklenti-açığı,"From a Turkish-Chinese tourism perspective, despite the sharp rises in the number of Chinese visitors to Turkey for the last two years, it is still below our expectations.",,Akış tek taraflı beklentiye göre değerlendiriliyor (söylem-akış açığı).
A15,7,A2,RK,TR,,tek-taraflı-hedef,"After the pandemic, we aim at increasing this number up to one million. Bearing in mind that Turkey hosts more than 45 million visitors every year, 1 million Chinese visitors could be regarded as quite low.",,Tek yönlü hedef ve düşük pay vurgusu.
A15,8,A2,İB,TR,,kültürel-paylaşım,"We take tourism not just as a simple commercial activity, instead, a favorable way of sharing and exchanging cultural values, thoughts and ideas which would contribute to whole of humanity, at the end of the day.",,Turizm ortak kültürel paylaşım olarak.
A16,1,A1,RK,TR,NEG,Orta-Koridor-adlandırma,"The train, which recently arrived to Xi’an from Çerkezköy near Istanbul in just over two weeks, followed the Trans Caspian East-West Middle Corridor by passing through two continents, two seas,five countries and covering almost 8,700 kilometers.",,Güzergâh yalnız Türk koridoru adıyla (Orta Koridor) anılıyor; Kuşak ve Yol yok — Çin kaynaklarının tersine ayna.
A16,2,A3,İB,TR,NEG,tarihsel-bağın-canlanması,It will not be wrong to state that his joyous occasion marks the revival of the historical ties between Turkey and China.,,Ortak tarihsel bağ.
A16,3,A3,İB,TR,NEG,doğu-ucu-Xi'an/buluşma-noktası,"Xi’an, as the eastern end to the Silk Road and former capital of China, was once the meeting and melting point of ancient Turks and Chinese, as well as of many others, for social and commercial interactions.",,"Xi'an ""başlangıç"" değil ""doğu ucu"" ve Türklerle Çinlilerin buluşma noktası; paylaşımcı (örtük merkezsizleştirme notlarda)."
A16,4,A3,İB,TR,NEG,modern-İpek-Yolu-ortak-inşa,"Today, after many centuries, we again follow their path. We are building a modern Silk Road, with the opportunities provided by technology and modernization.",,"Atalar ve ""biz"" ortak; A1/A3 belirsiz, A3 seçildi."
A16,5,A1,İB,TR,,uçuş,"Indeed, the launch of the direct flights between Xi’an and Istanbul in December 2019 was also very beneficial for this connectivity.",,Uçuş ortak bağlantısallık kazanımı.
A16,6,A1,RK,TR,NEG,hub-iddiası,"Turkey’s strategic location at the intersection of the European, Middle Eastern and African markets has a crucial role in strengthening business resilience. It provides safe, stable and fast supply chains.",,Türkiye kesişim/merkez olarak konumlanıyor.
A16,7,A1,İB,TR,,demiryolu (Edirne-Kars),We are constructing Edirne-Kars High Speed Train Network covering Turkey from west to east. It will enable faster and cheaper transport from China and Central Asia to Europe.,,Kendi altyapısı Çin'in de yararlanacağı kolaylaştırıcı olarak sunuluyor.
A16,8,A1,İB,TR,,Çin-ortaklığında-altyapı,"And some of these recent mega-construction projects in Turkey are materialized with Chinese partnership, and more are being planned.",,Ortak altyapı yapımı.
A16,9,A1,İB,TR,,Orta-Koridor-uyum,Turkey has been one of the earliest supporters of the Belt and Road Initiative. Our Middle Corridor Initiative has a natural complementarity with the BRI.,,"Erken destek ve doğal tamamlayıcılık; açık karşıtlık yok (KR değil, bkz. karar notu)."
A16,10,A1,İB,TR,,ortak-çıkar/koridor,"Therefore, Turkey and China have common views and interests for deepening regional economic cooperation on the vast Eurasian landmass via transport corridors.",,Ortak görüş ve çıkar.
A16,11,A4,RK,TR,,ihracat-kazancı,"Highly qualified Turkish brands and products, which are well sought-after in many parts of the world, will become more available in the Chinese market.",,Bağlantısallığın değeri Türk markalarının kazancı olarak.
A17,1,A3,RK,CN,,Çin-özne/Türkiye-arasında,"Binlerce yıldır，Çin, Türkiye’nin de aralarında olduğu güzergah üzerindeki halklarla birlikte İpek Yolu'nun ortaya çıkışını ve refahını desteklemiş, medeniyetlerin birbirleriyle etkileşimine, dünyanın zenginleşmesine ve kalkınmasına tarihi bir katkıda bulunmuştur.",,"İpek Yolu tarihinin öznesi Çin; Türkiye ""aralarında olduğu"" halklardan biri."
A17,2,A3,KR,CN,,BRI-canlandırma-aracı,"Bugün Kuşak ve Yol inisiyatifi, ülkelerin fikirlerini ve bilgi birikimlerini bir araya getirerek, çok taraflılığı savunarak ve tüm taraflara yarar sağlayarak İpek Yolu'nun kapsamlı bir şekilde yeniden canlandırılmasına imkan sağlamaktadır.",,İpek Yolu'nun canlanması Çin girişimine bağlanıyor (RK) ama tüm taraflara yarar dili (İB).
A17,3,A1,KR,CN,,kamu-malı-Çin,"Çin tarafından uluslararası topluma sunulan bir kamu yararı olarak ""Kuşak ve Yol İnisiyatifi, üç küresel girişim gibi, Çin'in daha iyi bir dünya inşa etmek için diğer ülkelerle birlikte çalışma misyonunu yansıtmaktadır.",,Çin'in sunduğu kamu malı (merkez) ve diğer ülkelerle birlikte çalışma.
A17,4,A1,İB,CN,,Orta-Koridor-uyum,"Türkiye, Kuşak ve Yol İnsiyatifi’ni destekleyen ilk ülkeler arasındadır. 2015 yılında Çin ve Türkiye, ""Kuşak ve Yol"" ve ""Orta Koridor"" girişimlerinin uyumlaştırılması konusunda bir mutabakat zaptı imzalayarak, Çin-Türkiye çok yönlü işbirliği için yeni dönem başlatmıştır.",,Çin kaynağı Orta Koridor'u adıyla tanıyor; ortak özne.
A17,5,A1,İB,CN,,Orta-Koridor-uyum,"""Kuşak ve Yol"" inisiyatifi ve ""Orta Koridor"" projesinin birbirine sıkı sıkıya kenetlenmesiyle birlikte kademeli olarak politika iletişimi, tesis bağlantısı, sorunsuz ticaret akışı, finansal entegrasyon ve halklar arası iletişimi hayata geçirdik.",,"Kenetlenme ve ortak ""biz"" (inisiyatif/proje adlandırma farkı notlarda)."
A17,6,A1,İB,CN,,çalışma-grubu,"İki taraf çok düzeyli ve çok alanlı bir diyalog ve istişare mekanizması kurmuş ve Çin-Türkiye Hükümetlerarası İşbirliği Komitesi ile ""Kuşak ve Yol"" ve ""Orta Koridor"" Çalışma Grubu’nu oluşturmuştur.",,Ortak kurumsal mekanizma.
A17,7,A4,İB,CN,NEG,yaygın-fayda,"İnisiyatif, 3.000'den fazla işbirliği projenin oluşumuna ve yaklaşık 1 trilyon USD tutarında yatırıma vesile olmuş, güzergâh üzerindeki ülkelerde 420.000 kişiye istihdam yaratmış ve insanlara gerçek faydalar sağlamıştır.",,Faydanın güzergâh ülkelerinde kaldığı iddiası; paylaşımcı.
A17,8,A2,İB,CN,,kültür-merkezi/gençlik,"Konfüçyüs Enstitüsü, Yunus-Emre Türk Kültür Merkezi, Kardeş Eyalet ve Şehirler ile lise öğrencileri için düzenlenen ""Hayalimdeki Çin"" resim yarışması gibi projeler sayesinde iki ülke halkı, özellikle de gençler birbirlerini tanımış ve halklar arası ilişkiler güçlendirilmiştir.",,İki tarafın kültür kurumları yan yana; karşılıklı tanışma.
A18,1,A3,İB,TR,NEG,doğu-ucu-Xi'an/buluşma-noktası,"Xi’an, as the eastern end of the Silk Road and the former capital of China, was once the meeting and melting point of various people, including the ancient Chinese and Turks.",,Xi'an doğu ucu ve ortak buluşma noktası (A16 ile aynı kalıp).
A18,2,A3,İB,TR,NEG,Osmanlı-Ming-hediyeleşme,"For instance, starting from the time of Ming Dynasty, Ottoman and Chinese Emperors have exchanged various precious gifts through the Silk Road.",,Karşılıklı tarihsel mübadele.
A18,3,A3,RK,TR,,kapı-iddiası,"Türkiye has always been an integral part of Asia’s historic, linguistic and cultural sphere throughout history, and today, it continues to function as the gateway between Asia and Europe.",,Türkiye Asya-Avrupa kapısı olarak ayrıcalıklı konumda.
A18,4,A1,RK,TR,NEG,hub-iddiası,"Situated at a unique location at the crossroads of Europe, Asia and Africa, Türkiye prioritizes increased connectivity and economic cooperation to ensure peace, stability and sustainable development.",,Bağlantısallıkta Türkiye eşsiz kavşak/merkez.
A18,5,A1,İB,TR,,erken-destek,Türkiye has supported this important Initiative from the very beginning.,,Çin girişimine destek.
A18,6,A1,RK,TR,NEG,Orta-Koridor-başlangıç-Türkiye,"This is why we put forth the Middle Corridor initiative, which starts from Türkiye in the west, and after crossing the Caucasus, the Caspian Sea and the Central Asian Republics, reaches China.",,Kendi koridoru ve başlangıç noktası Türkiye; Çin'in Xi'an-başlangıç anlatısının aynası.
A18,7,A1,İB,TR,,Orta-Koridor-uyum,This initiative is in natural harmony with the BRI.,,Doğal uyum.
A18,8,A1,İB,TR,,mükerrerlik-önleme,"In 2015, we have signed a Memorandum of Understanding (MoU) with China, to align the two initiatives in order to avoid duplications, raise efficiencies and increase our cooperation.",,"Uyumlaştırma ortak verimlilik için; ""mükerrerlik"" örtük rekabet riskini işaret ediyor (notlar)."
A18,9,A1,İB,TR,,Orta-Koridor-uyum,"Together with the BRI, the Middle Corridor provides uninterrupted and increased access to the Black Sea and Mediterranean basins, as well as to Europe and Africa.",,İki koridor birlikte.
A18,10,A1,İB,TR,,demiryolu,"As part of this shared vision, we launched the first east-bound export train from Türkiye to China in December 2020 which arrived in this beautiful city Xi’an.",,Paylaşılan vizyon.
A18,11,A3,İB,TR,NEG,anlatı-ittifakı/üçüncü-taraf,"To better understand and obtain unhindered information about each other, it is important to use our own media channels.",,Anlatıda iki taraf üçüncü taraflara karşı ortak.
A18,12,A2,İB,TR,,halklar-arası/turizm,"Tourism, in this sense, is the most direct means of such an interaction.",,Turizm halklar arası etkileşim aracı.
A18,13,A2,RK,TR,,tek-taraflı-tanıtım,"I believe that Türkiye, as the 4th most popular tourist destination in the world, features vast attractions for Chinese tourists.",,Kendi destinasyonunun tek taraflı tanıtımı.
A18,14,A2,İB,TR,,uçuş-turizm,"In this vein, I hope that the resumption of Turkish Airlines’ Xi’an-İstanbul direct flights will provide an excellent opportunity for the people of Xi’an city, Shaanxi and neighbouring provinces to discover and explore what Türkiye offers.",,"Uçuş-turist akışı; A1/A2 belirsiz, A2 seçildi; sonraki cümleyle karşılıklı."
A18,15,A2,İB,TR,,karşılıklı-akış,"And vice-versa, I hope more Turkish tourists will visit the historic city of Xi’an treasuring house of relics and ancient sites, as the cradle of Chinese civilization.",,Ters yönde akış ve Xi'an'ın tanınması.
A19,1,A3,İB,CN,NEG,iki-uç,中土分别位于亚欧大陆东西两端，千年丝绸之路将两国紧密联系在一起。,Çin ve Türkiye Avrasya kıtasının doğu ve batı uçlarında yer alır; bin yıllık İpek Yolu iki ülkeyi sıkı biçimde birbirine bağlamıştır.,Simetrik iki uç; merkez/başlangıç iddiası yok.
A19,2,A1,İB,CN,,Orta-Koridor-uyum,推进共建“一带一路”倡议和土耳其“中间走廊”计划有效对接，拓展合作领域，挖掘合作潜力。,"""Kuşak ve Yol"" girişiminin ortak inşası ile Türkiye'nin ""Orta Koridor"" planının etkin biçimde uyumlaştırılmasını ilerletmek, işbirliği alanlarını genişletmek ve işbirliği potansiyelini ortaya çıkarmak.",Orta Koridor adıyla tanınıyor (girişim/plan farkı notlarda).
A19,3,A2,İB,CN,,işbirliği-listesi (turizm+havacılık),密切文化、教育、旅游、航空等领域合作。,"Kültür, eğitim, turizm, havacılık gibi alanlarda işbirliğini yakınlaştırmak.","Turizm-havacılık ortak işbirliği; A1/A2 belirsiz, A2 seçildi."
A19,4,A1,İB,CN,,Orta-Koridor-uyum,“中间走廊”计划与“一带一路”倡议高度契合，土方愿同中方密切合作,"""Orta Koridor"" planı ile ""Kuşak ve Yol"" girişimi yüksek düzeyde örtüşmektedir; Türk tarafı Çin tarafıyla yakın işbirliği yapmak istiyor.",Yüksek uyum ve yakın işbirliği.
A20,1,A2,İB,CN,,çift-yönlü-akış,双方就促进两国人文交流、推动双向游客往来等交换了意见。,Taraflar iki ülke arasında halklar arası değişimin teşviki ve çift yönlü turist hareketinin desteklenmesi gibi konularda görüş alışverişinde bulundu.,Çift yönlü turist akışı ortak gündem.
A20,2,A2,İB,CN,,turizm-MoU,会后，孙业礼和埃尔索伊共同签署了《中华人民共和国文化和旅游部与土耳其共和国文化和旅游部关于旅游合作的谅解备忘录》。,"Görüşmenin ardından Sun Yeli ve Ersoy, ""ÇHC Kültür ve Turizm Bakanlığı ile Türkiye Cumhuriyeti Kültür ve Turizm Bakanlığı Arasında Turizm İşbirliğine İlişkin Mutabakat Zaptı""nı birlikte imzaladı.",Ortak imzalanan turizm MoU'su.
A21,1,A2,RK,CN,,tek-taraflı-hedef,Türkiye is keen to significantly enhance its tourism services by offering diverse experiences and aims to attract 1 million Chinese tourists by the end of this year,,Tek yönlü sayı hedefi.
A21,2,A2,İB,CN,,misafirperverlik,"""We are working on many initiatives in the tourism sector simultaneously to ensure that our Chinese guests can experience the beauty of our country, feel at home, and host more and more Chinese guests every year,"" Ersoy said.",,Çinli misafiri merkeze alan kolaylaştırma.
A21,3,A3,RK,CN,,kendi-İpek-Yolu-rotası,"""In response, Türkiye is spotlighting a broader array of destinations, including Silk Road routes that span the country, and offering unique experiences such as Night Museums and gastronomic tours,"" Ersoy said.",,"İpek Yolu Türkiye'ye ait ayrı bir rota ürünü olarak pazarlanıyor; A2/A3 belirsiz, A3 seçildi."
A21,4,A3,RK,CN,,köprü-iddiası,"Situated at the crossroads of Europe and Asia, Türkiye boasts world-renowned destinations such as Istanbul, its vibrant cultural hub;",,Kavşak konumu ve kendi destinasyonları (Xinhua anlatımı).
A21,5,A2,İB,CN,,Çin-dostu-sertifika,"""Istanbul airport, which is the entry point for our Chinese visitors, holds the China Friendly certification,"" he said.",,Çinli ziyaretçiye uyum; A2/A4 sınırında (notlar).
A21,6,A2,İB,CN,,Çince-rehber,"""Additionally, we continue our efforts to offer Chinese language courses in Tourism Vocational Schools and increase the number of Chinese-speaking tour guides.""",,Akışı kolaylaştıran kapasite.
A21,7,A4,RK,CN,,doğrudan-erişim/aracısızlaştırma,"The ministry also created active accounts on social platforms which allow Türkiye to engage directly with Chinese travelers and promote the country's diverse tourism offerings, Ersoy added.",,Çinli turiste aracısız doğrudan erişim; değerin Türk tarafında tutulması.
A21,8,A3,RK,CN,,UNESCO-kendi-mirası,"A total of 21 sites in Türkiye are inscribed on the UNESCO World Heritage List. According to Ersoy, these historical landmarks that bear the legacy of great civilizations offer Chinese tourists a truly unique and unforgettable cultural experience.",,Kendi miras envanteriyle tek taraflı konumlanma.
A22,1,A1,İB,CN,,Orta-Koridor-uyum,enhance the synergy between the Belt and Road Initiative and the Middle Corridor Initiative,,İki girişim adıyla sinerji.
A22,2,A1,RK,CN,NEG,kendi-koridor-markası (Çin-Avrupa-treni),advance the development of the southbound passage of the China-Europe Railway Express,,"Türkiye'den geçen güzergâh Çin markası ""China-Europe Railway Express""in güney hattı olarak adlandırılıyor."
A22,3,A2,İB,CN,,kültür-turizm,"upgrade cooperation in such traditional areas as economy and trade, culture and tourism",,Ortak işbirliği alanı.
A22,4,A1,KR,CN,,BRI-çerçevesine-katılım,"It hopes to have close high-level exchanges with China, jointly pursue high-quality Belt and Road cooperation",,Ortak takip (İB) ama Türk sözcüsü yalnız Çin çerçevesiyle aktarılıyor.
A22,5,A2,İB,CN,,halklar-arası/turizm,"promote people-to-people and cultural exchanges in education, tourism and other areas",,Ortak değişim.
A23,1,A4,KR,TR,,ticaret-dengesizliği/yatırım-talebi,"Cumhurbaşkanı Erdoğan, ikili ticaretin dengeli ve sürdürülebilir kılınması için yatırımlarla desteklenmesi gerektiğini, özellikle dijital teknolojiler, enerji, sağlık ve turizm alanlarının potansiyelinin büyük olduğunu, bu minvalde Çin firmalarının Türkiye'de yatırım yapmaları hususunda eşgüdümün artırılmasının fayda sağlayacağını ifade etti.",,Dengesizlik/değer payı kaygısı (RK) ve eşgüdüm dili (İB) aynı birimde; turizm yatırımı.
A23,2,A1,İB,TR,,Orta-Koridor-uyum,"Cumhurbaşkanı Erdoğan, Orta Koridor ile Yol ve Kuşak Girişiminin uyumlaştırılması için müşterek adımlar atılmasının önemli olduğunu belirtti.",,Müşterek adımlar; (sıralama farkı notlarda).
A24,1,A3,İB,TR,NEG,ortak-miras/porselen,"Thanks to the Silk Road, cultural and economic exchanges have continued to serve for cooperation between our two great civilizations. The Chinese porcelains displayed in the Ottoman Court show the depth of this relationship.",,İki büyük medeniyetin ortak mirası.
A24,2,A1,İB,TR,,erken-destek,"That Communique was also significant in terms of its reference to the importance of the Silk Road, which paved the way for our support for Belt and Road Initiative (BRI) from the very beginning.",,İpek Yolu referansı Kuşak ve Yol desteğine bağlanıyor.
A24,3,A1,İB,TR,,Orta-Koridor-uyum,"We believe that BRI is in natural harmony with Türkiye’s Middle Corridor Initiative. In this context, we signed a Memorandum of Understanding with China in 2015 to harmonize these two initiatives and held the first working group meeting in November 2024 in Beijing.",,Doğal uyum ve ortak mekanizma (uygulama gecikmesi notlarda).
A24,4,A1,İB,TR,,bölgesel-fayda,"The effective and full harmonization of these two visions will not only provide significant opportunities in commercial, political and cultural areas for the regional countries, but it will also address challenges posed by an increasingly complex world.",,Uyumun ortak ve bölgesel faydası.
A24,5,A2,İB,TR,,halklar-arası/akademik,We believe the 55th anniversary presents an opportunity to enhance bilateral cooperation in all fields. This includes academic and people-to-people exchanges.,,Ortak yıldönümü ve değişim.
A24,6,A3,RK,TR,,anlatı-çatışması/temsil,We strongly think that some of these pieces were written under the influence of totally one-sided sources. Some seem to have totally wrong/inaccurate sources based on orientalism and even old-style imperialism.,,Türkiye'nin Çin'deki temsiline itiraz; anlatı otoritesi mücadelesi.
A24,7,A3,İB,TR,NEG,iki-beşik,China is surely like Türkiye one of the cradles and lighthouses of the world civilization.,,"Simetrik ""medeniyet beşiği"" eşdeğerliği."
A25,1,A2,İB,CN,,ortak-etkinlik,驻土耳其使馆与土耳其文化和旅游部、土耳其中国商人协会在安卡拉总统府音乐厅合作举办庆祝中土建交55周年“丝路之韵”音乐会。,"Türkiye'deki Çin Büyükelçiliği, Türkiye Kültür ve Turizm Bakanlığı ve Türkiye Çinli İş İnsanları Derneği ile işbirliği içinde Ankara Cumhurbaşkanlığı Konser Salonu'nda Çin-Türkiye diplomatik ilişkilerinin 55. yılını kutlayan ""İpek Yolu Ezgisi"" konserini düzenledi.",Ortak düzenlenen kültür etkinliği.
A25,2,A3,İB,CN,NEG,ortak-miras (karşılıklı-öğrenme),以音乐再现古丝绸之路上中土文明交往交融、互学互鉴的生动图景。,"Müzikle, kadim İpek Yolu üzerinde Çin ve Türk medeniyetlerinin etkileşim ve kaynaşmasının, karşılıklı öğrenmesinin canlı tablosunu yeniden canlandırdı.",İpek Yolu iki medeniyetin karşılıklı mirası.
A25,3,A3,RK,CN,,Dunhuang/kendi-İpek-Yolu-simgesi,青年舞者马天一表演《敦煌·丝路焰影》，以灵动舞姿展现敦煌艺术神韵。,"Genç dansçı Ma Tianyi ""Dunhuang · İpek Yolu Alev Gölgeleri"" gösterisini sunarak zarif dans figürleriyle Dunhuang sanatının ruhunu sergiledi.",İpek Yolu Çin'in yurt içi simgesi Dunhuang üzerinden temsil ediliyor (belirsiz; notlar).
A25,4,A2,İB,CN,,kültürel-değişim,为中土演出领域交流合作积累了优秀经验，推动两国文化交流走深走实。,"Çin-Türkiye sahne sanatları alanındaki değişim ve işbirliği için değerli deneyim biriktirdi, iki ülke arasındaki kültürel değişimi derinleştirdi ve somutlaştırdı.",Ortak kültürel değişim.
