id,durum,crossref_baslik,benzerlik,crossref_yil
U001,HATA,,0,
U002,HATA,,0,
U003,HATA,,0,
U004,HATA,,0,
U005,HATA,,0,
U006,DOI_YOK,,0,
U007,HATA,,0,
U008,HATA,,0,
U009,HATA,,0,
U010,HATA,,0,
U011,HATA,,0,
U012,HATA,,0,
U013,HATA,,0,
U014,HATA,,0,
U015,HATA,,0,
U016,HATA,,0,
U017,HATA,,0,
U018,HATA,,0,
U019,HATA,,0,
U020,HATA,,0,
U021,DOI_YOK,,0,
U022,HATA,,0,
U023,HATA,,0,
U024,HATA,,0,
U025,HATA,,0,
U026,HATA,,0,
U027,HATA,,0,
U028,DOI_YOK,,0,
U029,HATA,,0,
U030,HATA,,0,
U031,HATA,,0,
U032,HATA,,0,
U033,HATA,,0,
U034,HATA,,0,
U035,HATA,,0,
U036,HATA,,0,
U037,HATA,,0,
U038,HATA,,0,
U039,HATA,,0,
U040,DOI_YOK,,0,
U041,HATA,,0,
U042,HATA,,0,
U043,HATA,,0,
U044,HATA,,0,
U045,HATA,,0,
U046,HATA,,0,
U047,HATA,,0,
U048,HATA,,0,
U049,HATA,,0,
U050,HATA,,0,
U051,HATA,,0,
U052,HATA,,0,
U053,HATA,,0,
U054,HATA,,0,
U055,HATA,,0,
U056,HATA,,0,
U057,HATA,,0,
U058,HATA,,0,
U059,HATA,,0,
U060,DOI_YOK,,0,
U061,HATA,,0,
U062,HATA,,0,
U063,HATA,,0,
U064,HATA,,0,
U065,HATA,,0,
U066,DOI_YOK,,0,
U067,HATA,,0,
U068,HATA,,0,
U069,HATA,,0,
U070,HATA,,0,
U071,HATA,,0,
U072,HATA,,0,
U073,HATA,,0,
U074,HATA,,0,
U075,HATA,,0,
U076,HATA,,0,
U077,HATA,,0,
U078,DOI_YOK,,0,
U079,HATA,,0,
U080,HATA,,0,
U081,HATA,,0,
U082,HATA,,0,
U083,HATA,,0,
U084,HATA,,0,
U085,HATA,,0,
U086,HATA,,0,
U087,HATA,,0,
U088,HATA,,0,
U089,HATA,,0,
U090,HATA,,0,
U091,HATA,,0,
U092,HATA,,0,
U093,HATA,,0,
U094,HATA,,0,
U095,HATA,,0,
U096,HATA,,0,
U097,HATA,,0,
U098,HATA,,0,
U099,HATA,,0,
U100,HATA,,0,
U101,HATA,,0,
U102,HATA,,0,
U103,HATA,,0,
U104,HATA,,0,
U105,HATA,,0,
U106,HATA,,0,
U107,HATA,,0,
U108,HATA,,0,
U109,HATA,,0,
U110,HATA,,0,
U111,HATA,,0,
U112,HATA,,0,
U113,DOI_YOK,,0,
U114,HATA,,0,
U115,HATA,,0,
U116,DOI_YOK,,0,
U117,HATA,,0,
U118,HATA,,0,
U119,HATA,,0,
U120,DOI_YOK,,0,
U121,HATA,,0,
U122,HATA,,0,
U123,HATA,,0,
U124,HATA,,0,
U125,DOI_YOK,,0,
U126,HATA,,0,
U127,HATA,,0,
U128,HATA,,0,
U129,DOI_YOK,,0,
U130,HATA,,0,
U131,HATA,,0,
U132,DOI_YOK,,0,
U133,HATA,,0,
U134,HATA,,0,
U135,HATA,,0,
U136,HATA,,0,
U137,HATA,,0,
U138,HATA,,0,
U139,HATA,,0,
U140,DOI_YOK,,0,
U141,HATA,,0,
U142,HATA,,0,
U143,HATA,,0,
U144,HATA,,0,
U145,HATA,,0,
U146,HATA,,0,
U147,HATA,,0,
U148,HATA,,0,
U149,HATA,,0,
U150,HATA,,0,
U151,DOI_YOK,,0,
U152,HATA,,0,
U153,HATA,,0,
U154,DOI_YOK,,0,
U155,DOI_YOK,,0,
U156,DOI_YOK,,0,
U157,DOI_YOK,,0,
U158,HATA,,0,
U159,HATA,,0,
U160,HATA,,0,
U161,HATA,,0,
U162,HATA,,0,
U163,HATA,,0,
U164,HATA,,0,
U165,HATA,,0,
U166,HATA,,0,
U167,HATA,,0,
U168,DOI_YOK,,0,
U169,HATA,,0,
U170,HATA,,0,
U171,HATA,,0,
U172,DOI_YOK,,0,
U173,HATA,,0,
U174,HATA,,0,
U175,HATA,,0,
U176,HATA,,0,
U177,DOI_YOK,,0,
U178,HATA,,0,
U179,HATA,,0,
U180,DOI_YOK,,0,
U181,HATA,,0,
U182,HATA,,0,
U183,DOI_YOK,,0,
U184,HATA,,0,
U185,HATA,,0,
U186,HATA,,0,
U187,HATA,,0,
U188,DOI_YOK,,0,
U189,HATA,,0,
U190,HATA,,0,
U191,HATA,,0,
