id,undermind_key,r,baslik,yil,doi,karar,pdf,dogrulama
U001,Red18,2.000,Describing Coopetition Among Destinations: Evidence From the UNWTO Silk Road Program,2018,10.4018/978-1-5225-3773-1.ch013,DAHIL-ADAY,KULLANICI-YUKLEYECEK,UNDERMIND-INDEKS; DOI-cozumleme bekliyor (Crossref ag politikasi engeli)
U002,Niu19,1.940,Sino-Turkish Tourism Cooperation under the Framework of the Belt and Road Initiative,2019,10.1080/25765949.2019.1630581,DAHIL-ADAY,KULLANICI-YUKLEYECEK,UNDERMIND-INDEKS; DOI-cozumleme bekliyor (Crossref ag politikasi engeli)
U003,Ben00,1.480,”Coopetition” in Business Networks—to Cooperate and Compete Simultaneously,2000,10.1016/s0019-8501(99)00067-x,DAHIL-ADAY,KULLANICI-YUKLEYECEK,UNDERMIND-INDEKS; DOI-cozumleme bekliyor (Crossref ag politikasi engeli)
U004,Kir20,1.430,Developing the coopetitive destination brand for the Greater Bay Area,2020,10.1016/j.jdmm.2020.100439,DAHIL-ADAY,KULLANICI-YUKLEYECEK,UNDERMIND-INDEKS; DOI-cozumleme bekliyor (Crossref ag politikasi engeli)
U005,Chi17b,1.420,Tourism coopetition: An introduction to the subject and a research agenda,2017,10.1016/j.ibusrev.2017.05.003,DAHIL-ADAY,KULLANICI-YUKLEYECEK,UNDERMIND-INDEKS; DOI-cozumleme bekliyor (Crossref ag politikasi engeli)
U006,Nal97,1.420,Co-opetition : 1. a revolutionary mindset that combines competition and cooperation in the marketplace : 2. the game theory strategy that's changing the game of business,1997,,DAHIL-ADAY,KULLANICI-YUKLEYECEK,UNDERMIND-INDEKS; DOI-cozumleme bekliyor (Crossref ag politikasi engeli)
U007,Day24,1.370,The Belt and Road Initiative’s impact on tourism and heritage along the Silk Roads: A systematic literature review and future research agenda,2024,10.1371/journal.pone.0306298,DAHIL-ADAY,ACIK,UNDERMIND-INDEKS; DOI-cozumleme bekliyor (Crossref ag politikasi engeli)
U008,Wis25,1.280,Coopetition as a form of great power relations- the case study of US-China dynamics in the post-Cold War period,2025,10.12688/stomiedintrelat.17973.1,DAHIL-ADAY,KULLANICI-YUKLEYECEK,UNDERMIND-INDEKS; DOI-cozumleme bekliyor (Crossref ag politikasi engeli)
U009,Aky21,1.280,Evaluations of Chinese Travel Agencies on Mesopotamia Destination from the Marketing and Branding Perspective,2021,10.20491/isarder.2021.1230,DAHIL-ADAY,ACIK,UNDERMIND-INDEKS; DOI-cozumleme bekliyor (Crossref ag politikasi engeli)
U010,Nor26,1.240,The impact of status on inter-destination coopetition,2026,10.1016/j.annals.2026.104253,DAHIL-ADAY,KULLANICI-YUKLEYECEK,UNDERMIND-INDEKS; DOI-cozumleme bekliyor (Crossref ag politikasi engeli)
U011,Qia21,1.230,"Ancient routes, new dream: the Silk Roads and China's Belt and Road Initiative",2021,10.1108/jchmsd-05-2021-0091,DAHIL-ADAY,KULLANICI-YUKLEYECEK,UNDERMIND-INDEKS; DOI-cozumleme bekliyor (Crossref ag politikasi engeli)
U012,Win19,1.230,Geocultural Power: China’s Belt and Road Initiative,2019,10.1080/14650045.2020.1718656,DAHIL-ADAY,KULLANICI-YUKLEYECEK,UNDERMIND-INDEKS; DOI-cozumleme bekliyor (Crossref ag politikasi engeli)
U013,Bro24,1.210,The silk roads and shared heritage in Europe: Beyond ‘China to Rome’,2024,10.1177/0920203x241281989,DAHIL-ADAY,KULLANICI-YUKLEYECEK,UNDERMIND-INDEKS; DOI-cozumleme bekliyor (Crossref ag politikasi engeli)
U014,Mar16b,1.200,Coordination in inter-network co-opetitition: Evidence from the tourism sector,2016,10.1016/j.indmarman.2015.11.015,DAHIL-ADAY,KULLANICI-YUKLEYECEK,UNDERMIND-INDEKS; DOI-cozumleme bekliyor (Crossref ag politikasi engeli)
U015,Sir18,1.190,Conceptualizing ASEAN Tourism Brand: Towards A Coopetition Framework,2018,10.35609/gjbssr.2018.6.4(2),DAHIL-ADAY,ACIK,UNDERMIND-INDEKS; DOI-cozumleme bekliyor (Crossref ag politikasi engeli)
U016,Sci22,1.190,‘Constructing’ heritage diplomacy in Central Asia: China’s Sinocentric historicisation of transnational World Heritage Sites,2022,10.1080/10286632.2022.2141718,DAHIL-ADAY,KULLANICI-YUKLEYECEK,UNDERMIND-INDEKS; DOI-cozumleme bekliyor (Crossref ag politikasi engeli)
U017,Pas13,1.190,"Competition, cooperation and co-opetition: unfolding the process of inter-territorial branding",2013,10.1080/17535069.2012.727579,DAHIL-ADAY,KULLANICI-YUKLEYECEK,UNDERMIND-INDEKS; DOI-cozumleme bekliyor (Crossref ag politikasi engeli)
U018,Klc21,1.150,ÇİN’İN KUŞAK VE YOL GİRİŞİMİNİN TÜRKİYE’NİN TURİZMİNE BEKLENEN OLASI YANSIMALARI,2021,10.29228/asos.48560,DAHIL-ADAY,KULLANICI-YUKLEYECEK,UNDERMIND-INDEKS; DOI-cozumleme bekliyor (Crossref ag politikasi engeli)
U019,Zen21,1.150,YENİ İPEK YOLU TİCARET HATTININ TÜRKİYE TURİZMİ AÇISINDAN DEĞERLENDİRİLMESİ,2021,10.33083/joghat.2021.95,DAHIL-ADAY,KULLANICI-YUKLEYECEK,UNDERMIND-INDEKS; DOI-cozumleme bekliyor (Crossref ag politikasi engeli)
U020,Den18,1.140,Modelling China’s outbound tourist flow to the ‘Silk Road’: A spatial econometric approach,2018,10.1177/1354816618809763,DAHIL-ADAY,KULLANICI-YUKLEYECEK,UNDERMIND-INDEKS; DOI-cozumleme bekliyor (Crossref ag politikasi engeli)
U021,Win16,1.140,"One Belt, One Road, One Heritage: Cultural diplomacy and the Silk Road",2016,,DAHIL-ADAY,KULLANICI-YUKLEYECEK,UNDERMIND-INDEKS; DOI-cozumleme bekliyor (Crossref ag politikasi engeli)
U022,Pal24,1.130,KUŞAK VE YOL İNİSİYATİFİ’NİN ÇİN-TÜRKİYE TURİZMİ ÜZERİNDEKİ ETKİSİ: FIRSATLAR VE ZORLUKLARIN İNCELENMESİ,2024,10.29228/sobider.78915,DAHIL-ADAY,ACIK,UNDERMIND-INDEKS; DOI-cozumleme bekliyor (Crossref ag politikasi engeli)
U023,Chi17,1.130,The coopetition perspective applied to tourism destinations: a literature review,2017,10.1080/13032917.2017.1322524,DAHIL-ADAY,KULLANICI-YUKLEYECEK,UNDERMIND-INDEKS; DOI-cozumleme bekliyor (Crossref ag politikasi engeli)
U024,Nak22,1.130,A Geocultural Power Competition in UNESCO’s Silk Roads Project: China’s Initiatives and the Responses From Japan and South Korea,2022,10.1177/18681026221094054,DAHIL-ADAY,KULLANICI-YUKLEYECEK,UNDERMIND-INDEKS; DOI-cozumleme bekliyor (Crossref ag politikasi engeli)
U025,Gny18b,1.120,Nuances in the Interplay of Competition and Cooperation: Towards a Theory of Coopetition,2018,10.1177/0149206318788945,DAHIL-ADAY,KULLANICI-YUKLEYECEK,UNDERMIND-INDEKS; DOI-cozumleme bekliyor (Crossref ag politikasi engeli)
U026,Wan08,1.120,"Destination marketing: competition, cooperation or coopetition?",2008,10.1108/09596110810852122,DAHIL-ADAY,KULLANICI-YUKLEYECEK,UNDERMIND-INDEKS; DOI-cozumleme bekliyor (Crossref ag politikasi engeli)
U027,Wan19b,1.120,"Relational heritage sovereignty: authorization, territorialization and the making of the Silk Roads",2019,10.1080/21622671.2017.1323004,DAHIL-ADAY,KULLANICI-YUKLEYECEK,UNDERMIND-INDEKS; DOI-cozumleme bekliyor (Crossref ag politikasi engeli)
U028,Dam13,1.100,A review of the concept of coopetition: Application in tourism,2013,,DAHIL-ADAY,KULLANICI-YUKLEYECEK,UNDERMIND-INDEKS; DOI-cozumleme bekliyor (Crossref ag politikasi engeli)
U029,Cha21b,1.100,China’s New Silk Road Strategy and the Turkish Middle Corridor Vision,2021,10.1080/25765949.2021.1881326,DAHIL-ADAY,KULLANICI-YUKLEYECEK,UNDERMIND-INDEKS; DOI-cozumleme bekliyor (Crossref ag politikasi engeli)
U030,Kos21,1.090,Silk Road Heritage Branding and Polycentric Tourism Development,2021,10.3390/su13041893,DAHIL-ADAY,ACIK,UNDERMIND-INDEKS; DOI-cozumleme bekliyor (Crossref ag politikasi engeli)
U031,Win20b,1.090,Silk road diplomacy: Geopolitics and histories of connectivity,2020,10.1080/10286632.2020.1765164,DAHIL-ADAY,KULLANICI-YUKLEYECEK,UNDERMIND-INDEKS; DOI-cozumleme bekliyor (Crossref ag politikasi engeli)
U032,Wan24b,1.070,China and Türkiye’s Strategic Cooperation in the 21st Century: A ‘Complex Role’ Prism,2024,10.1080/19448953.2024.2308974,DAHIL-ADAY,KULLANICI-YUKLEYECEK,UNDERMIND-INDEKS; DOI-cozumleme bekliyor (Crossref ag politikasi engeli)
U033,Akc23,1.060,Türkiye's Middle Corridor and China's BRI: Identification and Assessment,2023,10.25253/99.2023251.4,DAHIL-ADAY,KULLANICI-YUKLEYECEK,UNDERMIND-INDEKS; DOI-cozumleme bekliyor (Crossref ag politikasi engeli)
U034,Dad18,1.060,"“Silk Road” as foreign policy discourse: The construction of Chinese, Japanese and Korean engagement strategies in Central Asia",2018,10.1016/j.euras.2017.12.003,DAHIL-ADAY,KULLANICI-YUKLEYECEK,UNDERMIND-INDEKS; DOI-cozumleme bekliyor (Crossref ag politikasi engeli)
U035,Win20,1.060,The geocultural heritage of the Silk Roads,2020,10.1080/13527258.2020.1852296,DAHIL-ADAY,KULLANICI-YUKLEYECEK,UNDERMIND-INDEKS; DOI-cozumleme bekliyor (Crossref ag politikasi engeli)
U036,Far26,1.050,Capacity without passengers: a five-condition framework for converting Silk Road freight corridors into sustainable heritage tourism corridors,2026,10.3389/frsut.2026.1948903,DAHIL-ADAY,ACIK,UNDERMIND-INDEKS; DOI-cozumleme bekliyor (Crossref ag politikasi engeli)
U037,Day20,1.040,Exploring local stakeholders’ views on the prospects of China’s Belt & Road Initiative on tourism development in Kazakhstan,2020,10.1080/13683500.2019.1700941,DAHIL-ADAY,ACIK,UNDERMIND-INDEKS; DOI-cozumleme bekliyor (Crossref ag politikasi engeli)
U038,Ibi18,1.040,TÜRKİYE’YE GELEN ÇİNLİ TURİSTLERİN SEYAHAT MOTİVASYONLARI ÜZERİNE BİR ARAŞTIRMA,2018,10.17218/hititsosbil.346388,DAHIL-ADAY,ACIK,UNDERMIND-INDEKS; DOI-cozumleme bekliyor (Crossref ag politikasi engeli)
U039,Cih22,1.030,Turkey at the crossroads: a study of geopolitics and tourism re-alignment,2022,10.1080/00167487.2022.2114165,DAHIL-ADAY,KULLANICI-YUKLEYECEK,UNDERMIND-INDEKS; DOI-cozumleme bekliyor (Crossref ag politikasi engeli)
U040,Abu19,1.030,Türkiye ve Çin Halk Cumhuriyeti arasında turizm ve turistik ticaret potansiyellerinin değerlendirilmesi,2019,,DAHIL-ADAY,KULLANICI-YUKLEYECEK,UNDERMIND-INDEKS; DOI-cozumleme bekliyor (Crossref ag politikasi engeli)
U041,Ben99,1.020,Cooperation and competition in relationships between competitors in business networks,1999,10.1108/08858629910272184,DAHIL-ADAY,KULLANICI-YUKLEYECEK,UNDERMIND-INDEKS; DOI-cozumleme bekliyor (Crossref ag politikasi engeli)
U042,Wer15,1.010,Coopetition and Knowledge Transfer Dynamics: New Zealand’s Regional Tourism Organisations and the 2011 Rugby World Cup,2015,10.3727/152599515x14386220874841,DAHIL-ADAY,KULLANICI-YUKLEYECEK,UNDERMIND-INDEKS; DOI-cozumleme bekliyor (Crossref ag politikasi engeli)
U043,Nak20,1.000,Heritage as soft power: Japan and China in international politics,2020,10.1080/10286632.2020.1845322,DAHIL-ADAY,KULLANICI-YUKLEYECEK,UNDERMIND-INDEKS; DOI-cozumleme bekliyor (Crossref ag politikasi engeli)
U044,Deb21,0.980,Sharing heritage? Politics and territoriality in UNESCO’s heritage lists,2021,10.1080/21622671.2020.1854112,IKINCIL,ACIK,UNDERMIND-INDEKS; DOI-cozumleme bekliyor (Crossref ag politikasi engeli)
U045,Per20,0.960,The Silk Road: Unlocking the Tourism Potential Through Collaboration,2020,10.1007/978-3-030-43399-4_16,IKINCIL,KULLANICI-YUKLEYECEK,UNDERMIND-INDEKS; DOI-cozumleme bekliyor (Crossref ag politikasi engeli)
U046,Chi18,0.940,Development of a tourism coopetition model: A preliminary Delphi study,2018,10.1016/j.jhtm.2018.10.004,IKINCIL,KULLANICI-YUKLEYECEK,UNDERMIND-INDEKS; DOI-cozumleme bekliyor (Crossref ag politikasi engeli)
U047,Bho16,0.920,The Silk Road as a Global Brand*,2016,10.1177/0009445515613869,IKINCIL,KULLANICI-YUKLEYECEK,UNDERMIND-INDEKS; DOI-cozumleme bekliyor (Crossref ag politikasi engeli)
U048,Ngu15,0.920,Joint destination marketing in the South Central Coast region of Vietnam,2015,10.1016/j.jdmm.2015.03.001,IKINCIL,KULLANICI-YUKLEYECEK,UNDERMIND-INDEKS; DOI-cozumleme bekliyor (Crossref ag politikasi engeli)
U049,Chi23c,0.910,"Tourism coopetition for a better world: a cycle of creation, appropriation, and devolution of social value",2023,10.1080/13683500.2023.2254448,IKINCIL,KULLANICI-YUKLEYECEK,UNDERMIND-INDEKS; DOI-cozumleme bekliyor (Crossref ag politikasi engeli)
U050,Pec19,0.910,Local service industry and tourism development through the global trade and infrastructure project of the New Silk Road – the example of Georgia,2019,10.1080/02642069.2019.1623204,IKINCIL,KULLANICI-YUKLEYECEK,UNDERMIND-INDEKS; DOI-cozumleme bekliyor (Crossref ag politikasi engeli)
U051,,,Destination image in Uzbekistan – heritage of the Silk Road and nature experience as the core of an evolving Post Soviet identity,2018,10.1080/02642069.2018.1519551,BEKLEMEDE,,UNDERMIND-INDEKS
U052,,,Co‐opetition dynamics – an outline for further inquiry,2010,10.1108/10595421011029893,BEKLEMEDE,,UNDERMIND-INDEKS
U053,,,Heritage diplomacy,2015,10.1080/13527258.2015.1041412,BEKLEMEDE,,UNDERMIND-INDEKS
U054,,,Chinese outbound tourism and soft power,2018,10.1080/19407963.2018.1505105,BEKLEMEDE,,UNDERMIND-INDEKS
U055,,,Yeni İpek Yolu Projesi ve Türkiye Turizmine Olası Yansımaları,2019,10.29226/tr1001.2019.103,BEKLEMEDE,,UNDERMIND-INDEKS
U056,,,Co‐opetition: Competitive and cooperative business strategies for the digital economy,1997,10.1108/eb054655,BEKLEMEDE,,UNDERMIND-INDEKS
U057,,,Panel cointegration analysis of relationship between international trade and tourism: Case of Turkey and silk road countries,2019,10.1016/j.tmp.2019.07.003,BEKLEMEDE,,UNDERMIND-INDEKS
U058,,,Chinese Outbound Tourism as a Form of Diplomacy,2013,10.1080/21568316.2013.783738,BEKLEMEDE,,UNDERMIND-INDEKS
U059,,,Sino-Turkish Cultural Ties under the Framework of Silk Road Strategy,2014,10.1080/19370679.2014.12023242,BEKLEMEDE,,UNDERMIND-INDEKS
U060,,,Çinli Turistlerin İstanbul’daki turistik ürünleri satın almalarında acenta ve internet aracılığı etkilerinin araştırılması,2018,,BEKLEMEDE,,UNDERMIND-INDEKS
U061,,,Enhancing Coopetition Among Small Tourism Destinations by Creativity,2019,10.4018/978-1-5225-2016-0.ch011,BEKLEMEDE,,UNDERMIND-INDEKS
U062,,,Chapter 4 Coopetition for Destination Marketing: The Scope of Forging Relationships with Competitors,2018,10.1108/978-1-78756-291-220181004,BEKLEMEDE,,UNDERMIND-INDEKS
U063,,,Development of Cultural and Faith Tourism in SCO and Turkic States: Uzbekistan's Potential and the Exemplary Turkish Case,2024,10.31822/jomat.2024-9-2-157,BEKLEMEDE,,UNDERMIND-INDEKS
U064,,,Of routes and corridors: Challenges and opportunities for Silk Road destinations in the southern Caucasus,2020,10.5281/zenodo.3835829,BEKLEMEDE,,UNDERMIND-INDEKS
U065,,,Chinese tourism diplomacy: a chinese–style modernity review,2021,10.1080/13032917.2021.1978515,BEKLEMEDE,,UNDERMIND-INDEKS
U066,,,Nomination of the silk road to the world heritage list,2014,,BEKLEMEDE,,UNDERMIND-INDEKS
U067,,,Silk Road legacy and China’s cultural diplomacy in Sino-Uzbek relations,2025,10.15804/npw20254701,BEKLEMEDE,,UNDERMIND-INDEKS
U068,,,Tripartite tourism trade cooperation through the belt and road initiative,2022,10.32523/2616-6887/2022-139-2-151-184,BEKLEMEDE,,UNDERMIND-INDEKS
U069,,,Destination networking: co-opetition in peripheral surroundings.,2003,10.1108/09600030310481997,BEKLEMEDE,,UNDERMIND-INDEKS
U070,,,Cultural Tourism Routes as Incubators for Innovation and Economic Diversification: A Potential Analysis in the Framework of the New Silk Road Initiative in Azerbaijan,2020,10.1515/zfw-2019-0021,BEKLEMEDE,,UNDERMIND-INDEKS
U071,,,Coopetition research - A systematic literature review on recent accomplishments and trajectories,2021,10.1016/j.indmarman.2021.05.001,BEKLEMEDE,,UNDERMIND-INDEKS
U072,,,Heritage diplomacy and soft power competition between Iran and Turkey: competing claims over Rumi and Nowruz,2023,10.1080/10286632.2023.2241872,BEKLEMEDE,,UNDERMIND-INDEKS
U073,,,CULTURAL SOFT POWER AND THE CIVILIZATIONAL STATE: THE USE OF CULTURAL HERITAGE IN CHINA’S FOREIGN POLICY,2026,10.48371/ismo.2026.63.1.013,BEKLEMEDE,,UNDERMIND-INDEKS
U074,,,The coopetition paradox and tension in coopetition at multiple levels,2014,10.1016/j.indmarman.2013.11.001,BEKLEMEDE,,UNDERMIND-INDEKS
U075,,,The relevance of public-private partnerships in coopetition: empirical evidence from the tourism sector,2014,10.1504/ijbe.2014.058026,BEKLEMEDE,,UNDERMIND-INDEKS
U076,,,Influencing Factors of Azerbaijan and China’s Sustainable Tourism Development Strategy under the One Belt One Road Initiative,2021,10.3390/su14010187,BEKLEMEDE,,UNDERMIND-INDEKS
U077,,,"Networking, coopetition and sustainability of tourism destinations",2022,10.1016/j.jhtm.2022.01.003,BEKLEMEDE,,UNDERMIND-INDEKS
U078,,,The Silk Roads: An ICOMOS Thematic Study,2014,,BEKLEMEDE,,UNDERMIND-INDEKS
U079,,,Developing institutional logics in the tourism industry through coopetition,2018,10.1016/j.tourman.2017.12.005,BEKLEMEDE,,UNDERMIND-INDEKS
U080,,,The Role of Iran–China Cultural Relations in Developing Post-COVID Tourism Collaboration,2026,10.38124/ijisrt/26jan668,BEKLEMEDE,,UNDERMIND-INDEKS
U081,,,Cooperator or supporter: how can cross-boundary Macau–Zhuhai metropolis promote regional tourism together?,2021,10.1108/apjml-02-2021-0137,BEKLEMEDE,,UNDERMIND-INDEKS
U082,,,Coopetition and sustainable competitive advantage. The case of tourist destinations,2016,10.1016/j.tourman.2015.12.009,BEKLEMEDE,,UNDERMIND-INDEKS
U083,,,MAKING THE PAST SERVE THE PRESENT: HISTORICAL REVISIONISM IN CHINA’S ONE BELT ONE ROAD PROPAGANDA,2021,10.1080/03068374.2021.1878734,BEKLEMEDE,,UNDERMIND-INDEKS
U084,,,International Tourism Cooperation Based on “the Belt and Road”: Strategy and Path,2020,10.2478/conc-2020-0003,BEKLEMEDE,,UNDERMIND-INDEKS
U085,,,"Coopetition and value creation and appropriation: The role of interdependencies, tensions and harmony",2017,10.1016/j.indmarman.2017.08.014,BEKLEMEDE,,UNDERMIND-INDEKS
U086,,,Silk Road Tourism Programme (United Nations),2019,10.4324/9780429203039-98,BEKLEMEDE,,UNDERMIND-INDEKS
U087,,,Strategic Narratives of the Past: An Analysis of China’s New Silk Road Communication,2020,10.1080/13600826.2019.1674251,BEKLEMEDE,,UNDERMIND-INDEKS
U088,,,International Tourism Economic Cooperation Model under the Background of the Belt and Road Initiative,2025,10.53469/jgebf.2025.07(10).07,BEKLEMEDE,,UNDERMIND-INDEKS
U089,,,Network Brand and Branding: A Co-opetitive Approach to Local and Regional Development,2015,10.1007/978-3-319-15329-2_4,BEKLEMEDE,,UNDERMIND-INDEKS
U090,,,Contemporary China-Türkiye Cultural Exchange: Status Quo and Future Prospects,2026,10.1080/25765949.2026.2706392,BEKLEMEDE,,UNDERMIND-INDEKS
U091,,,Visualizing China’s Belt and Road Initiative on RT (Russia Today): from infrastructural project to human development,2021,10.1080/15387216.2021.2005650,BEKLEMEDE,,UNDERMIND-INDEKS
U092,,,Coopetition of European Union Countries within Destination Management,2022,10.29036/jots.v13i24.368,BEKLEMEDE,,UNDERMIND-INDEKS
U093,,,The interplay of competition and cooperation,2018,10.1002/smj.2965,BEKLEMEDE,,UNDERMIND-INDEKS
U094,,,Discourses of rivalry or rivalry of discourses: discursive strategies and framing of Chinese and Japanese foreign policies in Central Asia,2018,10.1080/09512748.2018.1539026,BEKLEMEDE,,UNDERMIND-INDEKS
U095,,,Heritage Diplomacy: Entangled Materialities of International Relations,2016,10.5749/futuante.13.1.0017,BEKLEMEDE,,UNDERMIND-INDEKS
U096,,,Research on the mode of international tourism cooperation under the background of qthe Belt and Roadq,2016,10.2991/msetasse-16.2016.115,BEKLEMEDE,,UNDERMIND-INDEKS
U097,,,Coopetition Strategy: A New Kind of Interfirm Dynamics for Value Creation,2009,10.4324/9780203874301-11,BEKLEMEDE,,UNDERMIND-INDEKS
U098,,,"The geopolitics of connectivity, cooperation, and hegemonic competition: The Belt and Road Initiative",2019,10.1016/j.geoforum.2018.12.008,BEKLEMEDE,,UNDERMIND-INDEKS
U099,,,Na(rra)tion building: Tourism and geopolitics along the Belt and Road Initiative,2024,10.58345/10.58345/eatsj2024p5,BEKLEMEDE,,UNDERMIND-INDEKS
U100,,,Unpacking the temporal and spatial dimensions of coopetition in tourism destinations,2012,10.5465/ambpp.2012.13095abstract,BEKLEMEDE,,UNDERMIND-INDEKS
U101,,,Coopetition in Tourism Destinations: A Bibliometric Mapping of an Emerging Research Domain,2026,10.51583/ijltemas.2025.1412000079,BEKLEMEDE,,UNDERMIND-INDEKS
U102,,,Travel Along the New Silk Road: Understanding New Trends in Chinese Outbound Tourism,2020,10.1007/978-3-030-43399-4_18,BEKLEMEDE,,UNDERMIND-INDEKS
U103,,,Silk Route in the Light of Circuit Tourism: An Avenue of Tourism Internationalization☆,2014,10.1016/j.sbspro.2014.07.283,BEKLEMEDE,,UNDERMIND-INDEKS
U104,,,"Coopetition: a systematic review, synthesis, and future research directions",2015,10.1007/s11846-015-0168-6,BEKLEMEDE,,UNDERMIND-INDEKS
U105,,,"Ancient routes, new gateways: a systematic literature review of China's cultural route heritage",2022,10.1108/jchmsd-06-2021-0114,BEKLEMEDE,,UNDERMIND-INDEKS
U106,,,Trust-building processes in tourist coopetition: The case of a Polish region,2016,10.1016/j.tourman.2015.07.009,BEKLEMEDE,,UNDERMIND-INDEKS
U107,,,UNLOCKING BLUE GROWTH: POLICY SYNERGIES AND REGIONAL BRANDING IN CASPIAN MARITIME TOURISM,2025,10.30892/gtg.62424-1590,BEKLEMEDE,,UNDERMIND-INDEKS
U108,,,Reconstructing Silk Road Tourism Through Digitalisation,2022,10.4018/978-1-7998-8486-6.ch022,BEKLEMEDE,,UNDERMIND-INDEKS
U109,,,Ülke İmajının Davranışsal Niyet ve Destinasyon Bilinirliğine Etkisi: Türkiye yi Ziyaret Eden Uzak Doğulu Turistler Üzerine Bir Araştırma (The Effect of Country Image on Behavioural Intention and Destination Familiarity: A Research on Far Eastern Tourists Visiting Turkey),2021,10.21325/jotags.2021.894,BEKLEMEDE,,UNDERMIND-INDEKS
U110,,,İPEK YOLU’NDA İNANÇ TURİZMİNİN GELİŞTİRİLMESİ: ÖZBEKİSTAN ÖRNEĞİ,2021,10.37847/tdtad.898296,BEKLEMEDE,,UNDERMIND-INDEKS
U111,,,"The Great Tea Road and the Belt and Road Initiative: cultural policy, mobility narratives and route heritage in contemporary China",2022,10.1080/10286632.2022.2059075,BEKLEMEDE,,UNDERMIND-INDEKS
U112,,,A pesquisa sobre coopetição: Em direção a uma melhor compreensão do construto e sua aplicação no turismo,2016,10.14210/rtva.v18n3.p424-447,BEKLEMEDE,,UNDERMIND-INDEKS
U113,,,The perceived benefits of co-opetitive relationships in destination marketing: A stakeholder perspective,2013,,BEKLEMEDE,,UNDERMIND-INDEKS
U114,,,The Developing Relations between Turkey and China Since 2005,2016,10.1163/22131418-00403006,BEKLEMEDE,,UNDERMIND-INDEKS
U115,,,Unintentional coopetition in the service industries: The case of Pyhä-Luosto tourism destination in the Finnish Lapland,2011,10.1016/j.emj.2010.10.006,BEKLEMEDE,,UNDERMIND-INDEKS
U116,,,Turkey-China Relatıons Within the Concept of the New Silk Road Project,2017,,BEKLEMEDE,,UNDERMIND-INDEKS
U117,,,"Positive Outcomes of Cross-Border Tourism Development Cooperation: A Case of Kazakhstan, Kyrgyzstan and Uzbekistan",2024,10.18335/region.v11i2.494,BEKLEMEDE,,UNDERMIND-INDEKS
U118,,,The role of trust-building mechanisms in entering into network coopetition: The case of tourism networks in Poland,2016,10.1016/j.indmarman.2016.05.010,BEKLEMEDE,,UNDERMIND-INDEKS
U119,,,Competitor Perceptions in Tourism Coopetition,2020,10.1177/0047287519896011,BEKLEMEDE,,UNDERMIND-INDEKS
U120,,,The Design and Promotion Strategy of China Silk Road in applying for World Culture Legacy: Base on Luoyang Tourism Area in Henan,2011,,BEKLEMEDE,,UNDERMIND-INDEKS
U121,,,The new silk road: Mediators and tourism development in Central Asia,2003,10.2307/3773779,BEKLEMEDE,,UNDERMIND-INDEKS
U122,,,ASSESSING THE IMPACT OF TOURISM ON THE DEVELOPMENT OF ECONOMIC AND GEOPOLITICAL RELATIONS OF THE COUNTRIES OF CENTRAL ASIA,2026,10.30892/gtg.662spl12-1773,BEKLEMEDE,,UNDERMIND-INDEKS
U123,,,China-Central Asia Tourism Trains: Market Demand and Competition under the Belt and Road Initiative,2024,10.54097/pq0w9z46,BEKLEMEDE,,UNDERMIND-INDEKS
U124,,,Investigating the strategic role of business associations in willingness toward tourism coopetition,2024,10.1080/13683500.2024.2333910,BEKLEMEDE,,UNDERMIND-INDEKS
U125,,,Turkey's Middle Corridor and Belt and Road Initiative: Coherent or Conflicting?,2019,,BEKLEMEDE,,UNDERMIND-INDEKS
U126,,,Coopetition Among Nature-based Tourism Firms: Competition at Local Level and Cooperation at Destination Level,2010,10.4337/9781849807241.00017,BEKLEMEDE,,UNDERMIND-INDEKS
U127,,,Türk Dünyasında Turizmin Ülkeler Arası İş Birliği Temelli Geliştirilmesine Yönelik Nitel Bir Araştırma,2022,10.12995/bilig.10007,BEKLEMEDE,,UNDERMIND-INDEKS
U128,,,Unpacking the temporal dimension of coopetition in tourism destinations: evidence from Finnish and Italian theme parks,2012,10.1080/13032917.2011.653632,BEKLEMEDE,,UNDERMIND-INDEKS
U129,,,The Role of Tourism in Turkic World in Terms of International Relations (IR): A Social Constructivist Approach,2016,,BEKLEMEDE,,UNDERMIND-INDEKS
U130,,,Developments in China–Turkey Relations: A View From China,2020,10.1177/0896920519885001,BEKLEMEDE,,UNDERMIND-INDEKS
U131,,,Cultural Routes as Cultural Tourism Products for Heritage Conservation and Regional Development: A Systematic Review,2024,10.3390/heritage7050114,BEKLEMEDE,,UNDERMIND-INDEKS
U132,,,Türkiye'yi ziyaret eden Çinli turistlerin beğeni kriterleri,2019,,BEKLEMEDE,,UNDERMIND-INDEKS
U133,,,Location decisions of Chinese firms in the global tourism industry: The role of prior international experience and diplomatic relations,2021,10.1016/j.jhtm.2020.11.010,BEKLEMEDE,,UNDERMIND-INDEKS
U134,,,Brand equity for self-driving route along the Silk Road,2019,10.1080/02642069.2019.1569633,BEKLEMEDE,,UNDERMIND-INDEKS
U135,,,Coopetition : new ideas for a new paradigm,2010,10.4337/9781849807241.00009,BEKLEMEDE,,UNDERMIND-INDEKS
U136,,,Coopetition in development: A Chinese hermeneutics,2024,10.1016/j.annals.2024.103801,BEKLEMEDE,,UNDERMIND-INDEKS
U137,,,GEOINFORMATION TECHNOLOGIES IN THE PROMOTION OF TOURIST DESTINATIONS IN THE ZONE OF THE GREAT SILK ROAD,2017,10.24057/2071-9388-2017-10-1-44-52,BEKLEMEDE,,UNDERMIND-INDEKS
U138,,,Cooperation between China and Kazakhstan in the Sphere of Tourism,2025,10.20542/2073-4786-2025-1-139-153,BEKLEMEDE,,UNDERMIND-INDEKS
U139,,,"Heritage geopolitics: Hegemonic meaning-making, international orders, and the heritagisation of traditional archery in Turkey and beyond",2025,10.1017/s0260210525101228,BEKLEMEDE,,UNDERMIND-INDEKS
U140,,,THE COOPETITION RESEARCH The current status of knowledge and its implications on tourism studies,2016,,BEKLEMEDE,,UNDERMIND-INDEKS
U141,,,"China-Turkey Strategic Docking and Cooperation under the Belt and Road Initiative: Progress, Challenges and Prospects",2021,10.1080/25765949.2021.1928411,BEKLEMEDE,,UNDERMIND-INDEKS
U142,,,"Producing multiple imaginations of the Silk Road in Xi’an, China’s urban development",2020,10.1080/10286632.2020.1811255,BEKLEMEDE,,UNDERMIND-INDEKS
U143,,,International strategies of Chinese tourism MNEs: the impact of the belt and Road Initiative and state ownership,2021,10.1108/ijoem-09-2020-1096,BEKLEMEDE,,UNDERMIND-INDEKS
U144,,,Behavioral antecedents of coopetition: A synthesis and measurement scale,2020,10.1016/j.lrp.2019.03.001,BEKLEMEDE,,UNDERMIND-INDEKS
U145,,,Competitiveness Evaluation and Cooperation Network Analysis of Tourist Attractions from the Perspective of Co-Opetition in the Yangtze River Delta (YRD),2024,10.3390/su16020834,BEKLEMEDE,,UNDERMIND-INDEKS
U146,,,"Cooperanion in tourism between Russia, Mongolia and China: the case of the Great tea road tourist route",2019,10.18572/2686-858x-2019-4-4-40-54,BEKLEMEDE,,UNDERMIND-INDEKS
U147,,,"Silk Routes Reimagined: Tourism, Heritage Stewardship, and the Visitor Economy under the Belt and Road Initiative",2025,10.22271/27069109.2025.v7.i11a.557,BEKLEMEDE,,UNDERMIND-INDEKS
U148,,,SÜRDÜRÜLEBİLİR TURİZM KAPSAMINDA KÜLTÜREL İZ KORİDORU DEĞERLENDİRMESİ,2019,10.28948/ngumuh.598189,BEKLEMEDE,,UNDERMIND-INDEKS
U149,,,Emerging Tourism between Pakistan and China: Tourism Opportunities via China-Pakistan Economic Corridor,2017,10.5539/ibr.v10n8p204,BEKLEMEDE,,UNDERMIND-INDEKS
U150,,,Creating New Touristic Fashion Routes with Caravanserais on the Ancient Silk Road in Turkey,2018,10.6092/issn.2036-5195/8564,BEKLEMEDE,,UNDERMIND-INDEKS
U151,,,The Belt and Road Initiative and the opportunities and challenges of developing Sino-Turkish relations,2019,,BEKLEMEDE,,UNDERMIND-INDEKS
U152,,,With a little help from my Region: Coopetition in regional development and the creation of tourism social value in low-density territories,2025,10.1177/14673584251395265,BEKLEMEDE,,UNDERMIND-INDEKS
U153,,,Policy Effect and Mechanism of China’s MSRI on Inbound Tourism Along the Route,2024,10.1080/19388160.2024.2313670,BEKLEMEDE,,UNDERMIND-INDEKS
U154,,,Analyzing tourism potential and destination image of Indian Silk Route: trend analysis approach.,2014,,BEKLEMEDE,,UNDERMIND-INDEKS
U155,,,Review of the Studies on the Tourism Spatial Competition and Cooperation,2005,,BEKLEMEDE,,UNDERMIND-INDEKS
U156,,,On the Nature and Drivers of Coopetition,2005,,BEKLEMEDE,,UNDERMIND-INDEKS
U157,,,Public and Private Dynamics and Co-opetition: Evidence from the Tourism Sector,2013,,BEKLEMEDE,,UNDERMIND-INDEKS
U158,,,Coopetition and Game Theory,2009,10.4324/9780203883242-22,BEKLEMEDE,,UNDERMIND-INDEKS
U159,,,Rule-Based Determination of Chinese tourists to Turkey Opt Profile,2018,10.1109/asyu.2018.8553998,BEKLEMEDE,,UNDERMIND-INDEKS
U160,,,Evaluating the Impact of Culture and Identity on Sino-Turkish Cooperation in the Belt and Road Framework,2024,10.70101/ussmad.1537889,BEKLEMEDE,,UNDERMIND-INDEKS
U161,,,"Package Tour Distribution Channels of Major Japanese, Chinese, and South Korean Travel Agents",2023,10.1080/1528008x.2023.2294922,BEKLEMEDE,,UNDERMIND-INDEKS
U162,,,Can Coopetition Be Source of Competitive Advantage for Strategic Networks,2012,10.22495/cocv10i1c3art5,BEKLEMEDE,,UNDERMIND-INDEKS
U163,,,"Pushing coopetition research further: Understanding, relevance, and operationalization of the attributes of coopetition strategies and coopetitive relationships",2024,10.7341/20242042,BEKLEMEDE,,UNDERMIND-INDEKS
U164,,,Coopetition over competition: motivations behind the formation of coopetition in the tourism supply chain – a case study of hotels and travel agencies in Tehran,2025,10.1108/cr-02-2025-0048,BEKLEMEDE,,UNDERMIND-INDEKS
U165,,,Development of international cooperation in the tourism industry: the experience of Uzbekistan,2025,10.18572/2686-858x-2025-27-3-3-10,BEKLEMEDE,,UNDERMIND-INDEKS
U166,,,"Turkey as a middle power in Central Asia: regional cooperation amid geopolitical competition with Russia, China, and the United States",2026,10.3389/fpos.2026.1703373,BEKLEMEDE,,UNDERMIND-INDEKS
U167,,,Horizontal Tourism Coopetition Strategy for Marketing Performance – Evidence From Theme Parks,2022,10.3389/fpsyg.2022.917435,BEKLEMEDE,,UNDERMIND-INDEKS
U168,,,A systematic review of coopetition : levels and effects on different levels,2013,,BEKLEMEDE,,UNDERMIND-INDEKS
U169,,,“Shangri-La” and the New “Great Game”: Exploring Tourism Geopolitics Between China and India,2013,10.1080/21568316.2013.789655,BEKLEMEDE,,UNDERMIND-INDEKS
U170,,,Archaeology of the Silk Road: Challenges of Scale and Storytelling,2023,10.1007/s10814-023-09188-w,BEKLEMEDE,,UNDERMIND-INDEKS
U171,,,The paradox of co‐operation and competition in strategic alliances: towards a multi‐paradigm approach,2003,10.1108/01409170310783376,BEKLEMEDE,,UNDERMIND-INDEKS
U172,,,YENİ İPEK YOLU’NUN TÜRKİYE EKONOMİSİNE ETKİSİ,2020,,BEKLEMEDE,,UNDERMIND-INDEKS
U173,,,The Chinese instrumentalization of history in the belt and road initiative: the impact on Indonesian and Malaysian perspectives,2026,10.3389/fpos.2026.1782746,BEKLEMEDE,,UNDERMIND-INDEKS
U174,,,Divergence of Coopetition Research: Bridging the Conversations and Shaping the Research Agenda,2017,10.5465/ambpp.2017.12985abstract,BEKLEMEDE,,UNDERMIND-INDEKS
U175,,,INSTITUTIONAL AND SOCIOPOLITICAL ASPECTS OF TOURISM IN REDUCING CONFLICT RISKS IN CENTRAL ASIAN STATES,2025,10.48010/aa.v103i4.811,BEKLEMEDE,,UNDERMIND-INDEKS
U176,,,Revealing the city-scale spatial coopetitive relationships between themed and non-themed tourism attractions in three Chinese cities,2025,10.1177/27541231251318347,BEKLEMEDE,,UNDERMIND-INDEKS
U177,,,Çin’in “Kuşak-Yol” Projesi ve Türkiye-Çin İlişkilerine Etkisi,2016,,BEKLEMEDE,,UNDERMIND-INDEKS
U178,,,"Contradictions, Dualities and Tensions in Cooperation and Competition: A Capability Based Framework",2012,10.5465/ambpp.2012.14002abstract,BEKLEMEDE,,UNDERMIND-INDEKS
U179,,,ÇİN’İN YENİ İPEK YOLU VİZYONU VE TÜRKİYE’YE YANSIMALARI,2025,10.55827/ebd.1702459,BEKLEMEDE,,UNDERMIND-INDEKS
U180,,,From Cultural Diversity to Cultural Affinity: Turkey As A Mediator Between East and West,2019,,BEKLEMEDE,,UNDERMIND-INDEKS
U181,,,"Coopetition strategy : theory, experiments and cases",2009,10.4324/9780203874301,BEKLEMEDE,,UNDERMIND-INDEKS
U182,,,Towards Local Sustainability of Mega Infrastructure: Reviewing Research on the New Silk Road,2020,10.3390/su122410612,BEKLEMEDE,,UNDERMIND-INDEKS
U183,,,Relationships of Cooperation and Competition between Competitors,2003,,BEKLEMEDE,,UNDERMIND-INDEKS
U184,,,Belt and Road Projects and Effects on Turkey,2021,10.25295/fsecon.826001,BEKLEMEDE,,UNDERMIND-INDEKS
U185,,,Financial Integration via Belt and Road Initiative: China–Turkey Cooperation,2019,10.1177/0974910119874632,BEKLEMEDE,,UNDERMIND-INDEKS
U186,,,"""一带一路""背景下土耳其与中国的外交研究",2020,10.32629/9789811450518,BEKLEMEDE,,UNDERMIND-INDEKS
U187,,,Neo-nomadic Culture as a Territorial Brand for ‘Authentic’ Tourism Development in Kazakhstan,2020,10.1080/09668136.2020.1776842,BEKLEMEDE,,UNDERMIND-INDEKS
U188,,,The Promise of Coopetition as a Field of Research,2010,,BEKLEMEDE,,UNDERMIND-INDEKS
U189,,,TEK KUŞAK TEK YOL PROJESİ VE TÜRKİYE’YE OLASI ETKİLERİ,2019,10.17755/esosder.535844,BEKLEMEDE,,UNDERMIND-INDEKS
U190,,,Marketing-channel relationships: Turkey's resort purveyors' interactions with international tour operators,2000,10.1016/s0010-8804(00)80031-2,BEKLEMEDE,,UNDERMIND-INDEKS
U191,,,Coopetition and game theory 1,2018,10.4324/9781315185644-13,BEKLEMEDE,,UNDERMIND-INDEKS
